index,contract,contract_id,type,level,id,perpetrator,perpetrator_type,victims,step,resolved
0,"05Ran@2, 03Buy@1 agreed on {'quantity': 9, 'time': 1, 'unit_price': 25} [id 4acaa0ba-fe9c-4fef-ac92-6918ece4aa3e]",4acaa0ba-fe9c-4fef-ac92-6918ece4aa3e,product,1.0,1a9a3a42-e80f-4dab-a15f-8a8b3c39af35,03Buy@1,str,['05Ran@2'],-1,False
1,"05Ran@2, 03Buy@1 agreed on {'quantity': 8, 'time': 1, 'unit_price': 22} [id 0beee97f-a6e0-4d85-98fa-e41be4b91694]",0beee97f-a6e0-4d85-98fa-e41be4b91694,product,1.0,5cea1e39-8f3d-43c2-87fc-28bcd8fa9e7e,03Buy@1,str,['05Ran@2'],-1,False
2,"05Ran@2, 03Buy@1 agreed on {'quantity': 1, 'time': 1, 'unit_price': 25} [id 51b6990c-9752-4b9d-91ba-4c1ca72e0342]",51b6990c-9752-4b9d-91ba-4c1ca72e0342,product,1.0,5f5ee916-cd64-44a1-8a45-293caa2deb55,03Buy@1,str,['05Ran@2'],-1,False
3,"05Ran@2, 03Buy@1 agreed on {'quantity': 10, 'time': 1, 'unit_price': 26} [id 039b929a-cfff-4567-8001-d07293442252]",039b929a-cfff-4567-8001-d07293442252,product,1.0,e325666d-844d-48f9-8d2e-1d412b4c4079,03Buy@1,str,['05Ran@2'],-1,False
4,"05Ran@2, 03Buy@1 agreed on {'quantity': 7, 'time': 1, 'unit_price': 23} [id a9763dae-1deb-429a-89f0-b9d65268a77d]",a9763dae-1deb-429a-89f0-b9d65268a77d,product,1.0,ca862490-658a-492e-942e-838ef4757d65,03Buy@1,str,['05Ran@2'],-1,False
5,"05Ran@2, 03Buy@1 agreed on {'quantity': 9, 'time': 1, 'unit_price': 20} [id 6c344aa5-a325-4f1e-80c6-fb38d2586be1]",6c344aa5-a325-4f1e-80c6-fb38d2586be1,product,1.0,dc138ec0-87ee-4a74-a0e8-5e12e56d2331,03Buy@1,str,['05Ran@2'],-1,False
6,"02Dec@1, 01Ran@0 agreed on {'quantity': 2, 'time': 2, 'unit_price': 1} [id 2ed2f412-a45f-4339-ae06-121bf3d54427]",2ed2f412-a45f-4339-ae06-121bf3d54427,product,1.0,accf8089-be80-4898-a0a2-3c54f31da082,01Ran@0,str,['02Dec@1'],-1,False
7,"03Buy@1, 01Ran@0 agreed on {'quantity': 10, 'time': 2, 'unit_price': 1} [id ea47fc72-b81e-4593-ad33-a53aa50d8053]",ea47fc72-b81e-4593-ad33-a53aa50d8053,product,1.0,110afe98-7372-41d1-bf40-f33035be1ca3,01Ran@0,str,['03Buy@1'],-1,False
8,"04Ind@2, 03Buy@1 agreed on {'quantity': 4, 'time': 2, 'unit_price': 13} [id d35fa5d7-6ea7-4c42-8fe0-66778caca23d]",d35fa5d7-6ea7-4c42-8fe0-66778caca23d,product,1.0,6917ac62-32f0-41da-90c2-5ef1629e0039,03Buy@1,str,['04Ind@2'],-1,False
9,"04Ind@2, 03Buy@1 agreed on {'quantity': 5, 'time': 2, 'unit_price': 14} [id 75fd5fd0-1026-496d-b6c3-a534c595ba5f]",75fd5fd0-1026-496d-b6c3-a534c595ba5f,product,1.0,e616809c-3f7c-479c-a76a-037d6252f836,03Buy@1,str,['04Ind@2'],-1,False
10,"05Ran@2, 03Buy@1 agreed on {'quantity': 9, 'time': 2, 'unit_price': 25} [id f6255b0e-f6bd-4bee-8b62-da96f295c730]",f6255b0e-f6bd-4bee-8b62-da96f295c730,product,1.0,5c96df9e-7ca8-45a8-9441-6d67369cb45f,03Buy@1,str,['05Ran@2'],-1,False
11,"02Dec@1, 01Ran@0 agreed on {'quantity': 3, 'time': 3, 'unit_price': 1} [id ee0db8aa-fa7b-4725-8c1c-019668b5211c]",ee0db8aa-fa7b-4725-8c1c-019668b5211c,product,1.0,251b7260-ae5e-49c0-9912-7da26c401cc0,01Ran@0,str,['02Dec@1'],-1,False
12,"03Buy@1, 01Ran@0 agreed on {'quantity': 8, 'time': 3, 'unit_price': 1} [id 91445c16-bea9-4241-9d90-9367dfb32d4a]",91445c16-bea9-4241-9d90-9367dfb32d4a,product,1.0,5d7d576f-ce0c-494f-bf37-80d365871dc1,01Ran@0,str,['03Buy@1'],-1,False
13,"03Buy@1, 01Ran@0 agreed on {'quantity': 16, 'time': 3, 'unit_price': 1} [id cf7425a3-eb87-4f79-b8c2-f10492f8f73f]",cf7425a3-eb87-4f79-b8c2-f10492f8f73f,product,1.0,bb64bb47-e6a1-48fc-bf2c-075ce5a0de7c,01Ran@0,str,['03Buy@1'],-1,False
14,"03Buy@1, 01Ran@0 agreed on {'quantity': 1, 'time': 3, 'unit_price': 2} [id 50d3ae44-2b73-45a1-832d-1998a9803386]",50d3ae44-2b73-45a1-832d-1998a9803386,product,1.0,70941694-17a6-4646-87d5-2483b5cdc88a,01Ran@0,str,['03Buy@1'],-1,False
15,"05Ran@2, 03Buy@1 agreed on {'quantity': 13, 'time': 3, 'unit_price': 25} [id 00f94fd3-69bb-44b9-aeee-e9f5395958f5]",00f94fd3-69bb-44b9-aeee-e9f5395958f5,product,1.0,3e7a0b79-8940-4c64-88f0-00c399c44185,03Buy@1,str,['05Ran@2'],-1,False
16,"04Ind@2, 03Buy@1 agreed on {'quantity': 6, 'time': 3, 'unit_price': 14} [id 7e49a2b4-8462-4305-80df-b149914fc9fd]",7e49a2b4-8462-4305-80df-b149914fc9fd,product,1.0,6254bcdc-e585-4624-9722-930966418430,03Buy@1,str,['04Ind@2'],-1,False
17,"04Ind@2, 03Buy@1 agreed on {'quantity': 6, 'time': 3, 'unit_price': 13} [id 3290f329-0d2a-4578-8886-4c8082c5706a]",3290f329-0d2a-4578-8886-4c8082c5706a,product,1.0,3354ad00-4a4f-4e79-b94c-d650915fe54e,03Buy@1,str,['04Ind@2'],-1,False
18,"05Ran@2, 03Buy@1 agreed on {'quantity': 8, 'time': 3, 'unit_price': 24} [id 4b71c79e-daec-4587-8792-77a1a8fa6494]",4b71c79e-daec-4587-8792-77a1a8fa6494,product,1.0,c71973eb-ac51-4380-8ecf-04d730e714ec,03Buy@1,str,['05Ran@2'],-1,False
19,"05Ran@2, 03Buy@1 agreed on {'quantity': 3, 'time': 3, 'unit_price': 25} [id 6fc6786b-1ef3-4b94-af84-1aa4f266daaa]",6fc6786b-1ef3-4b94-af84-1aa4f266daaa,product,1.0,2e99a75b-50a7-439e-9292-d99e8cd87e7a,03Buy@1,str,['05Ran@2'],-1,False
20,"05Ran@2, 03Buy@1 agreed on {'quantity': 2, 'time': 3, 'unit_price': 24} [id 1f767dbd-12c7-4b42-96fe-0c14d4428080]",1f767dbd-12c7-4b42-96fe-0c14d4428080,product,1.0,f73bf250-d12f-4e44-944f-013cb025ce8b,03Buy@1,str,['05Ran@2'],-1,False
21,"04Ind@2, 03Buy@1 agreed on {'quantity': 3, 'time': 3, 'unit_price': 13} [id 65892eb3-7776-450d-85fb-5cda02d2d591]",65892eb3-7776-450d-85fb-5cda02d2d591,product,1.0,ac55b7cf-6d0b-4fe1-83e1-a5e77788f659,03Buy@1,str,['04Ind@2'],-1,False
22,"BUYER, 05Ran@2 agreed on {'time': 3, 'quantity': 2, 'unit_price': 36} [id 53de5348-f946-4b5a-ada1-76c80ccbfa77]",53de5348-f946-4b5a-ada1-76c80ccbfa77,product,1.0,c72255ea-8239-4117-ac83-ebd341342f03,05Ran@2,str,['BUYER'],-1,False
23,"BUYER, 05Ran@2 agreed on {'time': 3, 'quantity': 5, 'unit_price': 36} [id c2923287-21ab-4092-8a4e-9defb50f38a4]",c2923287-21ab-4092-8a4e-9defb50f38a4,product,1.0,64e94050-f776-4cc0-807e-d7d8f9cd7c41,05Ran@2,str,['BUYER'],-1,False
24,"BUYER, 04Ind@2 agreed on {'time': 3, 'quantity': 3, 'unit_price': 36} [id 096b044e-5cf5-41f1-934a-92581aeebf3d]",096b044e-5cf5-41f1-934a-92581aeebf3d,product,1.0,15803036-8298-4e42-86d0-829d2979f63d,04Ind@2,str,['BUYER'],-1,False
25,"BUYER, 04Ind@2 agreed on {'time': 3, 'quantity': 1, 'unit_price': 36} [id 4d908655-be39-4c5e-ab13-60fffdb16b0e]",4d908655-be39-4c5e-ab13-60fffdb16b0e,product,1.0,e5d92317-4186-48a5-9d5e-5ae0f283c3f2,04Ind@2,str,['BUYER'],-1,False
26,"02Dec@1, 01Ran@0 agreed on {'quantity': 5, 'time': 4, 'unit_price': 4} [id 708244d5-37ae-41eb-9c0e-6ef4d859c37a]",708244d5-37ae-41eb-9c0e-6ef4d859c37a,product,1.0,3fad8490-4dd0-4c1f-bf34-6f9f9c2715e5,01Ran@0,str,['02Dec@1'],-1,False
27,"02Dec@1, 01Ran@0 agreed on {'quantity': 1, 'time': 4, 'unit_price': 1} [id b1efed0b-0788-4497-a651-492e61f79499]",b1efed0b-0788-4497-a651-492e61f79499,product,1.0,0d6a9012-07f1-403d-9a2f-c813238e3512,01Ran@0,str,['02Dec@1'],-1,False
28,"03Buy@1, 01Ran@0 agreed on {'quantity': 9, 'time': 4, 'unit_price': 1} [id ecf5402f-8c19-4889-91a0-99034e22f4d7]",ecf5402f-8c19-4889-91a0-99034e22f4d7,product,1.0,685be809-b11d-4d45-a227-fa571b96f491,01Ran@0,str,['03Buy@1'],-1,False
29,"04Ind@2, 03Buy@1 agreed on {'quantity': 6, 'time': 4, 'unit_price': 14} [id 58640a77-515f-44f1-95ca-ed5fd6437cab]",58640a77-515f-44f1-95ca-ed5fd6437cab,product,1.0,eff8807f-69a1-41c3-a687-edbddd28322e,03Buy@1,str,['04Ind@2'],-1,False
30,"05Ran@2, 03Buy@1 agreed on {'quantity': 10, 'time': 4, 'unit_price': 25} [id b887a24e-893c-49c8-bc9d-e40b706d02f3]",b887a24e-893c-49c8-bc9d-e40b706d02f3,product,1.0,b72422a4-309e-4c87-97de-5c980d51effc,03Buy@1,str,['05Ran@2'],-1,False
31,"04Ind@2, 03Buy@1 agreed on {'quantity': 4, 'time': 4, 'unit_price': 13} [id acba3c7e-b62a-44a7-83cf-e858e5bc51ec]",acba3c7e-b62a-44a7-83cf-e858e5bc51ec,product,1.0,14c072ad-738e-4dce-a80f-5f0280c1ff93,03Buy@1,str,['04Ind@2'],-1,False
32,"04Ind@2, 03Buy@1 agreed on {'quantity': 3, 'time': 4, 'unit_price': 14} [id 7126b297-11ed-486f-bab8-8f3470797998]",7126b297-11ed-486f-bab8-8f3470797998,product,1.0,486fe116-4316-4d26-8ce3-6a870b226a94,03Buy@1,str,['04Ind@2'],-1,False
33,"05Ran@2, 03Buy@1 agreed on {'quantity': 6, 'time': 4, 'unit_price': 25} [id 0673981f-e4bf-4817-812d-fa4b6f3c44ac]",0673981f-e4bf-4817-812d-fa4b6f3c44ac,product,1.0,3efc9338-8dc4-4579-8ab1-2ae769fc102c,03Buy@1,str,['05Ran@2'],-1,False
34,"BUYER, 05Ran@2 agreed on {'time': 4, 'quantity': 4, 'unit_price': 36} [id 19c2315e-6ffd-4461-a6b7-2dcdf9833625]",19c2315e-6ffd-4461-a6b7-2dcdf9833625,product,1.0,94f68339-699d-4078-8fdd-f4d7d41e7e93,05Ran@2,str,['BUYER'],-1,False
35,"BUYER, 05Ran@2 agreed on {'time': 4, 'quantity': 3, 'unit_price': 36} [id cfa64b85-b176-4dc1-b0a6-0d10ac766ad0]",cfa64b85-b176-4dc1-b0a6-0d10ac766ad0,product,1.0,bbbf5af2-ed79-4656-861a-88ff8f921112,05Ran@2,str,['BUYER'],-1,False
36,"BUYER, 05Ran@2 agreed on {'time': 4, 'quantity': 2, 'unit_price': 36} [id 6e650490-6a31-4a73-8507-ec0da89cfeb9]",6e650490-6a31-4a73-8507-ec0da89cfeb9,product,1.0,e61d4dc2-59a1-4675-a28e-a010610bed98,05Ran@2,str,['BUYER'],-1,False
37,"BUYER, 04Ind@2 agreed on {'time': 4, 'quantity': 2, 'unit_price': 36} [id a4240546-27d9-4a38-b33d-f4945db95537]",a4240546-27d9-4a38-b33d-f4945db95537,product,0.5,73830d9a-e182-4a1c-a3be-ce487f8d0f75,04Ind@2,str,['BUYER'],-1,False
38,"02Dec@1, 01Ran@0 agreed on {'quantity': 4, 'time': 5, 'unit_price': 4} [id 379ae8fb-d303-450d-8ded-cf2ce6bffe80]",379ae8fb-d303-450d-8ded-cf2ce6bffe80,product,1.0,44686731-b84b-4102-9ac6-2ed22f3c4483,01Ran@0,str,['02Dec@1'],-1,False
39,"04Ind@2, 03Buy@1 agreed on {'quantity': 4, 'time': 5, 'unit_price': 14} [id 51dec302-bece-4be0-a594-1788b496ca3a]",51dec302-bece-4be0-a594-1788b496ca3a,product,1.0,56c26767-89c9-4530-bb0b-d30ea69f3cad,03Buy@1,str,['04Ind@2'],-1,False
40,"04Ind@2, 03Buy@1 agreed on {'quantity': 4, 'time': 5, 'unit_price': 13} [id 54c3298c-851d-4979-85f3-a3fd770e7139]",54c3298c-851d-4979-85f3-a3fd770e7139,product,1.0,c2af8f9f-69f8-4a13-b35d-3ec906f3dfe4,03Buy@1,str,['04Ind@2'],-1,False
41,"05Ran@2, 03Buy@1 agreed on {'quantity': 4, 'time': 5, 'unit_price': 26} [id 7596cdde-f50b-46bd-984d-a614f2242d3d]",7596cdde-f50b-46bd-984d-a614f2242d3d,product,1.0,26f0314c-426c-4ab0-a8a2-f56cdb8866e9,03Buy@1,str,['05Ran@2'],-1,False
42,"05Ran@2, 03Buy@1 agreed on {'quantity': 2, 'time': 5, 'unit_price': 25} [id 01bffea5-c707-4ba7-94b4-18289c46c99a]",01bffea5-c707-4ba7-94b4-18289c46c99a,product,1.0,6f044c1c-5915-45c4-9eb4-e3699150ebd3,03Buy@1,str,['05Ran@2'],-1,False
43,"BUYER, 05Ran@2 agreed on {'time': 5, 'quantity': 3, 'unit_price': 36} [id df539a6b-75ef-43f9-81a0-5fc1b13282b5]",df539a6b-75ef-43f9-81a0-5fc1b13282b5,product,1.0,87075c26-b928-4d53-9920-c61c5a158c11,05Ran@2,str,['BUYER'],-1,False
44,"BUYER, 05Ran@2 agreed on {'time': 5, 'quantity': 1, 'unit_price': 36} [id 0488a78f-0614-4f1a-b48d-16283f04fa4a]",0488a78f-0614-4f1a-b48d-16283f04fa4a,product,1.0,587f25b5-6367-44f4-99b6-af454cd8571b,05Ran@2,str,['BUYER'],-1,False
45,"BUYER, 05Ran@2 agreed on {'time': 5, 'quantity': 3, 'unit_price': 36} [id 10a03119-7db4-4eb5-8e82-74499fb32d9b]",10a03119-7db4-4eb5-8e82-74499fb32d9b,product,1.0,da4a5096-c4bf-40bb-bcab-bb6859f816af,05Ran@2,str,['BUYER'],-1,False
46,"BUYER, 05Ran@2 agreed on {'time': 5, 'quantity': 4, 'unit_price': 36} [id f72cb781-d74d-4224-813d-3c592ea64012]",f72cb781-d74d-4224-813d-3c592ea64012,product,1.0,dde822db-4590-44ab-b4a1-25f66990c48b,05Ran@2,str,['BUYER'],-1,False
47,"02Dec@1, 01Ran@0 agreed on {'quantity': 4, 'time': 6, 'unit_price': 4} [id 61db5927-5da8-42cc-bb75-818cbd2f1fdc]",61db5927-5da8-42cc-bb75-818cbd2f1fdc,product,1.0,d978b4a1-78e0-4950-86ad-76377c84b100,01Ran@0,str,['02Dec@1'],-1,False
48,"02Dec@1, 01Ran@0 agreed on {'quantity': 5, 'time': 6, 'unit_price': 1} [id bcb56d29-7b6d-44ca-9438-5f039457e20d]",bcb56d29-7b6d-44ca-9438-5f039457e20d,product,1.0,b3cf233e-ddaa-42af-ad74-ecdd08391446,01Ran@0,str,['02Dec@1'],-1,False
49,"02Dec@1, 01Ran@0 agreed on {'quantity': 12, 'time': 6, 'unit_price': 15} [id bc72cf87-c8ba-45a2-bb6a-c33b3126b8b7]",bc72cf87-c8ba-45a2-bb6a-c33b3126b8b7,product,1.0,378a7f10-f754-4d3e-b65f-73f844cfcf0c,01Ran@0,str,['02Dec@1'],-1,False
50,"02Dec@1, 01Ran@0 agreed on {'quantity': 1, 'time': 6, 'unit_price': 1} [id a87a6179-f6e6-4d2d-bdef-3f14e6472548]",a87a6179-f6e6-4d2d-bdef-3f14e6472548,product,1.0,e6c38a85-1737-41f7-87f9-30fcffe6d964,01Ran@0,str,['02Dec@1'],-1,False
51,"05Ran@2, 03Buy@1 agreed on {'quantity': 6, 'time': 6, 'unit_price': 24} [id b7537286-583b-42cc-8ba6-fca8498d3bcb]",b7537286-583b-42cc-8ba6-fca8498d3bcb,product,1.0,c15243bf-03a0-4fa1-86a7-a41ece3e6c4b,03Buy@1,str,['05Ran@2'],-1,False
52,"04Ind@2, 03Buy@1 agreed on {'quantity': 3, 'time': 6, 'unit_price': 14} [id b8c8040d-98b4-43fb-9fd0-a4355cc676d2]",b8c8040d-98b4-43fb-9fd0-a4355cc676d2,product,1.0,0a456cdc-61cf-4f8a-93a7-d25428118550,03Buy@1,str,['04Ind@2'],-1,False
53,"05Ran@2, 03Buy@1 agreed on {'quantity': 7, 'time': 6, 'unit_price': 26} [id 063a05bf-3dac-4f33-bcec-cc4fac4b3bcd]",063a05bf-3dac-4f33-bcec-cc4fac4b3bcd,product,1.0,23e6340e-afb5-4760-8645-517ffb9cc6d8,03Buy@1,str,['05Ran@2'],-1,False
54,"05Ran@2, 03Buy@1 agreed on {'quantity': 10, 'time': 6, 'unit_price': 25} [id 09c8b577-716d-40b9-b7a9-78149e5919b3]",09c8b577-716d-40b9-b7a9-78149e5919b3,product,1.0,f48cb83f-d816-4b88-b6ef-43d018a27042,03Buy@1,str,['05Ran@2'],-1,False
55,"05Ran@2, 03Buy@1 agreed on {'quantity': 10, 'time': 6, 'unit_price': 22} [id c75aca80-deb7-4b9d-af3e-fe3cdcec0fd2]",c75aca80-deb7-4b9d-af3e-fe3cdcec0fd2,product,1.0,41f4ccac-eedd-483d-b88c-2bc3f96ac4ad,03Buy@1,str,['05Ran@2'],-1,False
56,"BUYER, 05Ran@2 agreed on {'time': 6, 'quantity': 2, 'unit_price': 36} [id cd2f433c-271a-4de2-929e-f5cd483def70]",cd2f433c-271a-4de2-929e-f5cd483def70,product,1.0,034d1c93-60eb-408a-b05b-df826ebb23ee,05Ran@2,str,['BUYER'],-1,False
57,"BUYER, 05Ran@2 agreed on {'time': 6, 'quantity': 3, 'unit_price': 36} [id f32ba4b8-20f0-4f6d-958d-70d1fe158bcb]",f32ba4b8-20f0-4f6d-958d-70d1fe158bcb,product,1.0,9cd43d8f-e253-4237-bf99-b69cc083abbc,05Ran@2,str,['BUYER'],-1,False
58,"BUYER, 05Ran@2 agreed on {'time': 6, 'quantity': 2, 'unit_price': 36} [id e69cc285-a69c-4ef5-979b-a90523695142]",e69cc285-a69c-4ef5-979b-a90523695142,product,1.0,e92e9a08-67f0-4c65-841f-21bdaf92f2a6,05Ran@2,str,['BUYER'],-1,False
59,"BUYER, 05Ran@2 agreed on {'time': 6, 'quantity': 2, 'unit_price': 36} [id 05260afe-b86c-4a63-9933-d0e539e794be]",05260afe-b86c-4a63-9933-d0e539e794be,product,1.0,4622a656-bfed-4a4c-85a0-5d2071e89fdd,05Ran@2,str,['BUYER'],-1,False
60,"BUYER, 05Ran@2 agreed on {'time': 6, 'quantity': 4, 'unit_price': 36} [id fced198d-4fe6-4e99-bb3e-3a61dd04b5e4]",fced198d-4fe6-4e99-bb3e-3a61dd04b5e4,product,1.0,d4efdf69-3950-4b85-b707-eb6d5656f697,05Ran@2,str,['BUYER'],-1,False
61,"02Dec@1, 01Ran@0 agreed on {'quantity': 1, 'time': 7, 'unit_price': 1} [id 750e1cc1-57f9-4118-8b98-1da3bc00f8ef]",750e1cc1-57f9-4118-8b98-1da3bc00f8ef,product,1.0,751a99db-0942-4e14-9d81-66a83249620c,01Ran@0,str,['02Dec@1'],-1,False
62,"02Dec@1, 01Ran@0 agreed on {'quantity': 2, 'time': 7, 'unit_price': 10} [id 02f16c76-5056-4902-8f33-6dae32e41bcc]",02f16c76-5056-4902-8f33-6dae32e41bcc,product,1.0,7356fe15-be47-4a61-84cb-5d15a1d8ddd8,01Ran@0,str,['02Dec@1'],-1,False
63,"04Ind@2, 03Buy@1 agreed on {'quantity': 5, 'time': 7, 'unit_price': 14} [id fb96b185-fb5c-4991-ab90-e5d5c906d14e]",fb96b185-fb5c-4991-ab90-e5d5c906d14e,product,1.0,37c49d60-fb52-4908-bacf-3449f8f7b8ce,03Buy@1,str,['04Ind@2'],-1,False
64,"05Ran@2, 02Dec@1 agreed on {'quantity': 6, 'time': 7, 'unit_price': 24} [id 4db089f7-e4a7-4a7b-8918-5dc47bc5080e]",4db089f7-e4a7-4a7b-8918-5dc47bc5080e,product,0.3333333333333333,d2d90cdb-225a-4909-a522-83cd559741a6,02Dec@1,str,['05Ran@2'],-1,False
65,"02Dec@1, 05Ran@2 agreed on {'quantity': 5, 'time': 7, 'unit_price': 49} [id abe0c256-b36e-44a9-be34-a9211b5846ff]",abe0c256-b36e-44a9-be34-a9211b5846ff,product,1.0,93971e25-6881-4527-9ede-24a2779f8244,02Dec@1,str,['05Ran@2'],-1,False
66,"05Ran@2, 03Buy@1 agreed on {'quantity': 10, 'time': 7, 'unit_price': 26} [id 1c92b72e-5006-49b7-9420-92df64a4b17e]",1c92b72e-5006-49b7-9420-92df64a4b17e,product,1.0,07e6c5f1-b778-4d2c-b546-af01a298ce8b,03Buy@1,str,['05Ran@2'],-1,False
67,"04Ind@2, 03Buy@1 agreed on {'quantity': 5, 'time': 7, 'unit_price': 14} [id c4c04c69-9a30-4672-935a-b90d76533edf]",c4c04c69-9a30-4672-935a-b90d76533edf,product,1.0,282147aa-97bd-4d56-9884-494a47cfb724,03Buy@1,str,['04Ind@2'],-1,False
68,"BUYER, 05Ran@2 agreed on {'time': 7, 'quantity': 4, 'unit_price': 36} [id 96204c94-1f0f-42ce-bb14-33be6272e322]",96204c94-1f0f-42ce-bb14-33be6272e322,product,1.0,9d2b013c-516a-4a3d-aebe-20c6fb45cb20,05Ran@2,str,['BUYER'],-1,False
69,"BUYER, 05Ran@2 agreed on {'time': 7, 'quantity': 3, 'unit_price': 36} [id 08d979de-c63c-43dd-b6d6-d677fbfcc7a9]",08d979de-c63c-43dd-b6d6-d677fbfcc7a9,product,1.0,3cf6ffdb-ac5e-41f2-bec4-de69dfd00db2,05Ran@2,str,['BUYER'],-1,False
70,"BUYER, 05Ran@2 agreed on {'time': 7, 'quantity': 2, 'unit_price': 36} [id 2b07985f-f55b-4125-8c23-75553dabc380]",2b07985f-f55b-4125-8c23-75553dabc380,product,1.0,8d1d0a5a-28c3-49cb-8cdb-b81301836a93,05Ran@2,str,['BUYER'],-1,False
71,"BUYER, 05Ran@2 agreed on {'time': 7, 'quantity': 2, 'unit_price': 36} [id f41f2487-f810-4f07-af77-64cc9c13f349]",f41f2487-f810-4f07-af77-64cc9c13f349,product,1.0,e9e64a7a-73a9-449e-80d9-7ea3e9f7c8ba,05Ran@2,str,['BUYER'],-1,False
72,"02Dec@1, 01Ran@0 agreed on {'quantity': 11, 'time': 8, 'unit_price': 9} [id b09907df-503a-4c50-8733-2f1fa0b52743]",b09907df-503a-4c50-8733-2f1fa0b52743,product,1.0,a44537ea-222f-492a-9ade-e0f288dba081,01Ran@0,str,['02Dec@1'],-1,False
73,"05Ran@2, 03Buy@1 agreed on {'quantity': 6, 'time': 8, 'unit_price': 26} [id fbb75ce6-a2ab-4c2e-9e44-b99010e712e2]",fbb75ce6-a2ab-4c2e-9e44-b99010e712e2,product,1.0,74d0ab29-b41c-4cc5-a994-3c544d237fbb,03Buy@1,str,['05Ran@2'],-1,False
74,"05Ran@2, 03Buy@1 agreed on {'quantity': 12, 'time': 8, 'unit_price': 23} [id 9f943ded-8f9a-4f33-8af2-acd4c7732b33]",9f943ded-8f9a-4f33-8af2-acd4c7732b33,product,1.0,2ba5fc1c-06cb-4508-ba33-9abd84dd07be,03Buy@1,str,['05Ran@2'],-1,False
75,"04Ind@2, 03Buy@1 agreed on {'quantity': 3, 'time': 8, 'unit_price': 14} [id 121661d0-a492-411a-9211-83c19922c59a]",121661d0-a492-411a-9211-83c19922c59a,product,1.0,0f9304a0-7ac5-4f99-8c0c-73c67fe0c353,03Buy@1,str,['04Ind@2'],-1,False
76,"05Ran@2, 03Buy@1 agreed on {'quantity': 7, 'time': 8, 'unit_price': 25} [id 4af3992e-ab16-4b39-ae46-7371d3fd230c]",4af3992e-ab16-4b39-ae46-7371d3fd230c,product,1.0,cee26310-133f-49e6-9b22-dad8c7ba75cc,03Buy@1,str,['05Ran@2'],-1,False
77,"04Ind@2, 03Buy@1 agreed on {'quantity': 4, 'time': 8, 'unit_price': 14} [id da84c1e6-a95b-4cc3-9cef-1bbb61c97f7c]",da84c1e6-a95b-4cc3-9cef-1bbb61c97f7c,product,1.0,be547f01-5402-457b-a8cf-e05f0be74292,03Buy@1,str,['04Ind@2'],-1,False
78,"BUYER, 05Ran@2 agreed on {'time': 8, 'quantity': 3, 'unit_price': 36} [id ca7664b6-e5ca-4687-91d9-e6dce57f0204]",ca7664b6-e5ca-4687-91d9-e6dce57f0204,product,1.0,d8e5d7a1-1273-4c8d-9678-024a4d64eab4,05Ran@2,str,['BUYER'],-1,False
79,"BUYER, 05Ran@2 agreed on {'time': 8, 'quantity': 2, 'unit_price': 36} [id 9572680b-355c-4417-a615-aaf67a38f87d]",9572680b-355c-4417-a615-aaf67a38f87d,product,1.0,5bf3a45f-b9ae-4e1a-8fbf-b04bf23e714e,05Ran@2,str,['BUYER'],-1,False
80,"BUYER, 05Ran@2 agreed on {'time': 8, 'quantity': 5, 'unit_price': 36} [id 08e7c514-5ad8-47aa-90f6-291e5f367ae0]",08e7c514-5ad8-47aa-90f6-291e5f367ae0,product,1.0,adcd3982-ff3e-444f-9f60-a55b9db2a7d5,05Ran@2,str,['BUYER'],-1,False
81,"BUYER, 05Ran@2 agreed on {'time': 8, 'quantity': 2, 'unit_price': 36} [id d055557c-ec51-4328-90a9-fa9d0f092ae0]",d055557c-ec51-4328-90a9-fa9d0f092ae0,product,1.0,15e6d62f-60db-47b2-a2e3-cc52174c26c8,05Ran@2,str,['BUYER'],-1,False
82,"02Dec@1, 01Ran@0 agreed on {'quantity': 5, 'time': 9, 'unit_price': 1} [id 62d228c7-df02-4660-82d5-a90b076ce185]",62d228c7-df02-4660-82d5-a90b076ce185,product,1.0,526b3cac-e564-43a7-8044-104c910f71f5,01Ran@0,str,['02Dec@1'],-1,False
83,"04Ind@2, 03Buy@1 agreed on {'quantity': 7, 'time': 9, 'unit_price': 14} [id 1550e35e-4a1e-4e0e-9d5c-465388eddc7f]",1550e35e-4a1e-4e0e-9d5c-465388eddc7f,product,1.0,1ee4d129-7933-43cf-aaa6-8937127be4f4,03Buy@1,str,['04Ind@2'],-1,False
84,"05Ran@2, 03Buy@1 agreed on {'quantity': 9, 'time': 9, 'unit_price': 24} [id 7972c448-ce1e-4acc-a354-0abc1df21b1a]",7972c448-ce1e-4acc-a354-0abc1df21b1a,product,1.0,018de9be-a41b-4634-af65-0f0b339dd1b2,03Buy@1,str,['05Ran@2'],-1,False
85,"04Ind@2, 03Buy@1 agreed on {'quantity': 4, 'time': 9, 'unit_price': 13} [id 73165b6e-d0ed-46f0-9643-62649f9cef9d]",73165b6e-d0ed-46f0-9643-62649f9cef9d,product,1.0,ca8a3a41-8435-446d-8775-a83654731ab4,03Buy@1,str,['04Ind@2'],-1,False
86,"BUYER, 05Ran@2 agreed on {'time': 9, 'quantity': 5, 'unit_price': 36} [id 443e6b53-2893-4af1-b6f6-abe1e585673c]",443e6b53-2893-4af1-b6f6-abe1e585673c,product,1.0,75a418bc-e05d-475f-a1ef-7d66a5c85d24,05Ran@2,str,['BUYER'],-1,False
87,"BUYER, 05Ran@2 agreed on {'time': 9, 'quantity': 2, 'unit_price': 36} [id 1737f32c-1013-4247-bd1e-9c4ffd5c3b79]",1737f32c-1013-4247-bd1e-9c4ffd5c3b79,product,1.0,c89ee7c6-b6df-4b15-a59a-5e5c4cba5cfa,05Ran@2,str,['BUYER'],-1,False
88,"02Dec@1, 01Ran@0 agreed on {'quantity': 2, 'time': 10, 'unit_price': 4} [id 204fac23-afcd-4e61-a3f7-4a34c2381975]",204fac23-afcd-4e61-a3f7-4a34c2381975,product,1.0,f10e7d32-5480-42e1-817b-9e2a2e20a4a3,01Ran@0,str,['02Dec@1'],-1,False
89,"03Buy@1, 01Ran@0 agreed on {'quantity': 9, 'time': 10, 'unit_price': 3} [id 7b4b6d32-3700-4fe8-87d5-51de9325b9a5]",7b4b6d32-3700-4fe8-87d5-51de9325b9a5,product,1.0,fbed7451-b480-4cfe-9e82-1c55725e0cfb,01Ran@0,str,['03Buy@1'],-1,False
90,"03Buy@1, 01Ran@0 agreed on {'quantity': 5, 'time': 10, 'unit_price': 2} [id b9366dcf-a493-451f-8623-a455ae78287f]",b9366dcf-a493-451f-8623-a455ae78287f,product,1.0,20cbe0df-5761-4cde-b528-b5e64f8c9467,01Ran@0,str,['03Buy@1'],-1,False
91,"05Ran@2, 03Buy@1 agreed on {'quantity': 10, 'time': 10, 'unit_price': 23} [id c9ad4d8a-0c74-4d28-97d3-b9e54c34cde9]",c9ad4d8a-0c74-4d28-97d3-b9e54c34cde9,product,1.0,6b873d58-b652-4c31-aeed-aef0c305cca3,03Buy@1,str,['05Ran@2'],-1,False
92,"BUYER, 05Ran@2 agreed on {'time': 10, 'quantity': 5, 'unit_price': 36} [id e30bd5ce-d089-4af1-951f-abc4e9cf33ba]",e30bd5ce-d089-4af1-951f-abc4e9cf33ba,product,1.0,3447e132-f2fd-4235-a73c-07516686323b,05Ran@2,str,['BUYER'],-1,False
93,"BUYER, 05Ran@2 agreed on {'time': 10, 'quantity': 1, 'unit_price': 36} [id 575d144a-65a0-4999-8a23-f39aee19ff37]",575d144a-65a0-4999-8a23-f39aee19ff37,product,1.0,7f87acde-5e06-4dc4-99c6-1577f2557346,05Ran@2,str,['BUYER'],-1,False
94,"BUYER, 05Ran@2 agreed on {'time': 10, 'quantity': 3, 'unit_price': 36} [id 9a024673-f40b-4ef1-a335-fad5384f2d32]",9a024673-f40b-4ef1-a335-fad5384f2d32,product,1.0,1f640300-37b5-4412-bf3c-ae5beef7b4a7,05Ran@2,str,['BUYER'],-1,False
95,"05Ran@2, 03Buy@1 agreed on {'quantity': 3, 'time': 11, 'unit_price': 26} [id 7c13de59-a2e9-4b55-905a-757914956196]",7c13de59-a2e9-4b55-905a-757914956196,product,1.0,c5293d76-f15e-4c13-9d32-dccc13503173,03Buy@1,str,['05Ran@2'],-1,False
96,"05Ran@2, 03Buy@1 agreed on {'quantity': 6, 'time': 11, 'unit_price': 26} [id e020ca46-2385-457c-9037-58dae654cebf]",e020ca46-2385-457c-9037-58dae654cebf,product,1.0,e98c8c89-32f6-407d-8486-e5ced61ed688,03Buy@1,str,['05Ran@2'],-1,False
97,"05Ran@2, 03Buy@1 agreed on {'quantity': 5, 'time': 11, 'unit_price': 25} [id 3a744354-f989-44dc-8255-f68a42dc8517]",3a744354-f989-44dc-8255-f68a42dc8517,product,1.0,e79ca040-b5ab-46aa-adf3-564c72e31086,03Buy@1,str,['05Ran@2'],-1,False
98,"05Ran@2, 03Buy@1 agreed on {'quantity': 3, 'time': 11, 'unit_price': 26} [id 5a720521-8c2f-4826-8554-a38ce9a60d2d]",5a720521-8c2f-4826-8554-a38ce9a60d2d,product,1.0,bf330e78-d2d0-41fd-a712-70178dbb8139,03Buy@1,str,['05Ran@2'],-1,False
99,"BUYER, 05Ran@2 agreed on {'time': 11, 'quantity': 1, 'unit_price': 36} [id bdceadcc-dfe8-486c-87d5-42459b77029a]",bdceadcc-dfe8-486c-87d5-42459b77029a,product,1.0,8bda10b3-ef04-41b5-88c5-0af6db8c746f,05Ran@2,str,['BUYER'],-1,False
100,"BUYER, 05Ran@2 agreed on {'time': 11, 'quantity': 4, 'unit_price': 36} [id 12332edd-a14d-4698-a6a5-b967f0a918ee]",12332edd-a14d-4698-a6a5-b967f0a918ee,product,1.0,0db5f2a2-3bfa-4363-981c-b05173383ea5,05Ran@2,str,['BUYER'],-1,False
101,"BUYER, 05Ran@2 agreed on {'time': 11, 'quantity': 2, 'unit_price': 36} [id 12ea6060-0ed3-4030-9007-fbbea8bd3bb8]",12ea6060-0ed3-4030-9007-fbbea8bd3bb8,product,1.0,bf96f6b7-dfdb-4362-8020-0643b3ad424d,05Ran@2,str,['BUYER'],-1,False
102,"BUYER, 05Ran@2 agreed on {'time': 11, 'quantity': 3, 'unit_price': 36} [id 45cbc785-15a1-4d4f-bf07-679320b58456]",45cbc785-15a1-4d4f-bf07-679320b58456,product,1.0,c47ad1f0-9660-4289-80fa-bbddeb725350,05Ran@2,str,['BUYER'],-1,False
103,"05Ran@2, 03Buy@1 agreed on {'quantity': 10, 'time': 12, 'unit_price': 24} [id a49be5e3-9075-4208-ae77-c90300b2fbc3]",a49be5e3-9075-4208-ae77-c90300b2fbc3,product,1.0,9508b750-c61b-49ba-9da1-70b53ae15683,03Buy@1,str,['05Ran@2'],-1,False
104,"05Ran@2, 03Buy@1 agreed on {'quantity': 8, 'time': 12, 'unit_price': 25} [id 10658139-1853-43a5-a12f-439f63f9a157]",10658139-1853-43a5-a12f-439f63f9a157,product,1.0,9f845ae5-3bec-4c04-b37c-b041ce07cdbe,03Buy@1,str,['05Ran@2'],-1,False
105,"04Ind@2, 03Buy@1 agreed on {'quantity': 3, 'time': 12, 'unit_price': 14} [id b6f6ed94-dd8f-422b-8b1d-c194fe6055e4]",b6f6ed94-dd8f-422b-8b1d-c194fe6055e4,product,1.0,eded0939-649e-4e25-8aee-b6b6f1acdddd,03Buy@1,str,['04Ind@2'],-1,False
106,"BUYER, 05Ran@2 agreed on {'time': 12, 'quantity': 2, 'unit_price': 36} [id 8b6bf3ab-3cba-4945-963a-7a57bd253f9d]",8b6bf3ab-3cba-4945-963a-7a57bd253f9d,product,1.0,b26f0bed-dfdd-4ae7-bb02-031d91acd1a7,05Ran@2,str,['BUYER'],-1,False
107,"BUYER, 05Ran@2 agreed on {'time': 12, 'quantity': 5, 'unit_price': 36} [id 7cc66b87-0aea-4173-9938-8f0f8797144a]",7cc66b87-0aea-4173-9938-8f0f8797144a,product,1.0,a44be72d-95dc-43de-9f42-204cd55625bc,05Ran@2,str,['BUYER'],-1,False
108,"BUYER, 04Ind@2 agreed on {'time': 12, 'quantity': 3, 'unit_price': 36} [id 45a27d68-cf4b-4710-94bf-8dfbefa02b0f]",45a27d68-cf4b-4710-94bf-8dfbefa02b0f,product,0.3333333333333333,f26af7cb-7263-48b3-9d3c-202cef1303b3,04Ind@2,str,['BUYER'],-1,False
109,"BUYER, 05Ran@2 agreed on {'time': 12, 'quantity': 3, 'unit_price': 36} [id 0972f12c-b47e-4529-83fb-b349dc9711ee]",0972f12c-b47e-4529-83fb-b349dc9711ee,product,1.0,c2324150-c8a4-4958-9668-255cca5eb082,05Ran@2,str,['BUYER'],-1,False
110,"BUYER, 05Ran@2 agreed on {'time': 12, 'quantity': 3, 'unit_price': 36} [id 82864683-0db8-4f25-b87e-0264b89f2103]",82864683-0db8-4f25-b87e-0264b89f2103,product,1.0,1b50880e-85b3-4724-997a-0bc33c80fd2f,05Ran@2,str,['BUYER'],-1,False
111,"BUYER, 04Ind@2 agreed on {'time': 12, 'quantity': 1, 'unit_price': 36} [id 05e056fd-ee7b-42e6-ac7d-e33e618047e9]",05e056fd-ee7b-42e6-ac7d-e33e618047e9,product,1.0,3e32036f-ee04-482e-862d-2509c82743a4,04Ind@2,str,['BUYER'],-1,False
112,"02Dec@1, 01Ran@0 agreed on {'quantity': 4, 'time': 13, 'unit_price': 4} [id 90a9fc8c-458a-47fd-ad4c-ce1afb5135ba]",90a9fc8c-458a-47fd-ad4c-ce1afb5135ba,product,1.0,374f84d8-6221-4bcd-a117-b6f1d5f00466,01Ran@0,str,['02Dec@1'],-1,False
113,"05Ran@2, 03Buy@1 agreed on {'quantity': 1, 'time': 13, 'unit_price': 20} [id 93bdf0c8-d7a6-42d0-829b-c27bf734e3f7]",93bdf0c8-d7a6-42d0-829b-c27bf734e3f7,product,1.0,eeff54d8-c2ca-47ae-927e-f7af298b6500,03Buy@1,str,['05Ran@2'],-1,False
114,"05Ran@2, 03Buy@1 agreed on {'quantity': 12, 'time': 13, 'unit_price': 12} [id d7dfbed7-6ab5-4cbd-a04a-f0a268880396]",d7dfbed7-6ab5-4cbd-a04a-f0a268880396,product,1.0,acc9f4c6-5d2e-4e93-86d9-b4fe3d8abfef,03Buy@1,str,['05Ran@2'],-1,False
115,"05Ran@2, 03Buy@1 agreed on {'quantity': 5, 'time': 13, 'unit_price': 26} [id eb413611-5d57-4cfc-89a8-75314cf0ed8c]",eb413611-5d57-4cfc-89a8-75314cf0ed8c,product,1.0,815c8e28-7dc7-4ac8-af07-6c8d8153b682,03Buy@1,str,['05Ran@2'],-1,False
116,"05Ran@2, 03Buy@1 agreed on {'quantity': 3, 'time': 13, 'unit_price': 26} [id d5ffad4b-3a5f-4f61-aee6-a743e12225ed]",d5ffad4b-3a5f-4f61-aee6-a743e12225ed,product,1.0,ed99e885-4042-42a8-8575-e899fc9a2736,03Buy@1,str,['05Ran@2'],-1,False
117,"04Ind@2, 03Buy@1 agreed on {'quantity': 5, 'time': 13, 'unit_price': 14} [id b4d5d21a-d832-43e5-ac80-58f2bafab5a7]",b4d5d21a-d832-43e5-ac80-58f2bafab5a7,product,1.0,fd2ee735-c95e-4bd9-99a2-b55c99b7867d,03Buy@1,str,['04Ind@2'],-1,False
118,"05Ran@2, 03Buy@1 agreed on {'quantity': 4, 'time': 13, 'unit_price': 25} [id 106118ef-5798-4a43-8fb1-bfe011e56e69]",106118ef-5798-4a43-8fb1-bfe011e56e69,product,1.0,21431398-6c8d-4e03-8c14-26414674176a,03Buy@1,str,['05Ran@2'],-1,False
119,"BUYER, 05Ran@2 agreed on {'time': 13, 'quantity': 4, 'unit_price': 36} [id 03e79a6b-0624-4e3a-b5f4-5d116da23b34]",03e79a6b-0624-4e3a-b5f4-5d116da23b34,product,1.0,c49a0cc5-dab9-4d37-9a93-08aff3b91210,05Ran@2,str,['BUYER'],-1,False
120,"BUYER, 05Ran@2 agreed on {'time': 13, 'quantity': 4, 'unit_price': 36} [id 5f607fab-79d7-4f2c-9e17-ca5f6a109591]",5f607fab-79d7-4f2c-9e17-ca5f6a109591,product,1.0,d3467fca-d7f8-4284-82d0-d6cfdf13c418,05Ran@2,str,['BUYER'],-1,False
121,"BUYER, 04Ind@2 agreed on {'time': 13, 'quantity': 6, 'unit_price': 36} [id e2fba316-181e-4801-bca4-afd5fd0f9dc7]",e2fba316-181e-4801-bca4-afd5fd0f9dc7,product,0.8333333333333334,d811aabe-35f4-4790-8e94-2859afb7fc4b,04Ind@2,str,['BUYER'],-1,False
122,"BUYER, 05Ran@2 agreed on {'time': 13, 'quantity': 2, 'unit_price': 36} [id 8b9c248e-c649-415d-b398-29b7f4791091]",8b9c248e-c649-415d-b398-29b7f4791091,product,1.0,8ef13642-9900-4670-a534-c165bd3a146d,05Ran@2,str,['BUYER'],-1,False
123,"BUYER, 04Ind@2 agreed on {'time': 13, 'quantity': 2, 'unit_price': 36} [id 9bc23127-6691-4afb-9058-722ad694b4ef]",9bc23127-6691-4afb-9058-722ad694b4ef,product,1.0,12d23302-905c-4399-b7ec-df88649ba84c,04Ind@2,str,['BUYER'],-1,False
124,"02Dec@1, 01Ran@0 agreed on {'quantity': 3, 'time': 14, 'unit_price': 6} [id 6da23ba2-020b-47b2-af62-44cf0b2a1cba]",6da23ba2-020b-47b2-af62-44cf0b2a1cba,product,1.0,f3a124b8-8e3b-464a-a386-77dd0e829ac3,01Ran@0,str,['02Dec@1'],-1,False
125,"02Dec@1, 01Ran@0 agreed on {'quantity': 2, 'time': 14, 'unit_price': 1} [id 4ab9f750-631a-44a1-b96f-605741171b5b]",4ab9f750-631a-44a1-b96f-605741171b5b,product,1.0,edf7fa37-36ac-4294-bd74-4f3bbbff4eb6,01Ran@0,str,['02Dec@1'],-1,False
126,"04Ind@2, 03Buy@1 agreed on {'quantity': 6, 'time': 14, 'unit_price': 14} [id bbb84f7c-c1da-4941-b21f-baa965e73f65]",bbb84f7c-c1da-4941-b21f-baa965e73f65,product,1.0,bb8a3363-f5d6-4f53-a5e9-96863b7348a0,03Buy@1,str,['04Ind@2'],-1,False
127,"05Ran@2, 03Buy@1 agreed on {'quantity': 5, 'time': 14, 'unit_price': 24} [id 10fd73d6-994f-4825-b6f9-59808171c26c]",10fd73d6-994f-4825-b6f9-59808171c26c,product,1.0,2b92f103-7c2f-4858-b776-4a51ca0d44d9,03Buy@1,str,['05Ran@2'],-1,False
128,"05Ran@2, 03Buy@1 agreed on {'quantity': 10, 'time': 14, 'unit_price': 26} [id 5aa10edc-6a24-4967-bd98-90db3fa95a49]",5aa10edc-6a24-4967-bd98-90db3fa95a49,product,1.0,10242f1d-064d-4120-b23e-aab5dee76029,03Buy@1,str,['05Ran@2'],-1,False
129,"05Ran@2, 03Buy@1 agreed on {'quantity': 7, 'time': 14, 'unit_price': 23} [id fb62e8e0-ecfa-4d87-b803-88663da7a761]",fb62e8e0-ecfa-4d87-b803-88663da7a761,product,1.0,f4816aa9-e5ad-4162-913c-c27d83a35748,03Buy@1,str,['05Ran@2'],-1,False
130,"BUYER, 05Ran@2 agreed on {'time': 14, 'quantity': 3, 'unit_price': 36} [id 3ac323c6-5a32-40e9-8177-04df5fd8a6dc]",3ac323c6-5a32-40e9-8177-04df5fd8a6dc,product,1.0,a4fe410b-d3d0-4d40-b471-d02289dedcf4,05Ran@2,str,['BUYER'],-1,False
131,"BUYER, 05Ran@2 agreed on {'time': 14, 'quantity': 3, 'unit_price': 36} [id cc235c03-80b4-4153-b922-ae8ea6bda277]",cc235c03-80b4-4153-b922-ae8ea6bda277,product,1.0,adba9786-7c02-4300-9bd1-e7f97441993a,05Ran@2,str,['BUYER'],-1,False
132,"BUYER, 04Ind@2 agreed on {'time': 14, 'quantity': 1, 'unit_price': 36} [id d672830d-b0b1-456d-901e-73a5b69807e4]",d672830d-b0b1-456d-901e-73a5b69807e4,product,1.0,cf76c8f3-daf6-4a0a-85be-780744ea1414,04Ind@2,str,['BUYER'],-1,False
133,"BUYER, 05Ran@2 agreed on {'time': 14, 'quantity': 1, 'unit_price': 36} [id 1fa84667-5428-4337-9d61-131eda19e04a]",1fa84667-5428-4337-9d61-131eda19e04a,product,1.0,632e2501-5e29-42db-9261-54056282835d,05Ran@2,str,['BUYER'],-1,False
134,"BUYER, 05Ran@2 agreed on {'time': 14, 'quantity': 2, 'unit_price': 36} [id c3a1d260-ce8c-4cdf-a491-82e3d205fda2]",c3a1d260-ce8c-4cdf-a491-82e3d205fda2,product,1.0,8676370d-64dd-430d-8f02-9b7754e778e5,05Ran@2,str,['BUYER'],-1,False
135,"BUYER, 05Ran@2 agreed on {'time': 15, 'quantity': 3, 'unit_price': 36} [id 50498c19-443a-4745-9e3c-272b8a8cdabf]",50498c19-443a-4745-9e3c-272b8a8cdabf,product,1.0,f64bf707-fc3d-4310-9560-6fc672a9a30d,05Ran@2,str,['BUYER'],-1,False
136,"BUYER, 05Ran@2 agreed on {'time': 15, 'quantity': 3, 'unit_price': 36} [id dce4decc-8b68-4621-aabf-6c50a2c4b159]",dce4decc-8b68-4621-aabf-6c50a2c4b159,product,1.0,85c40838-ae73-4840-bf80-18345a27b83f,05Ran@2,str,['BUYER'],-1,False
137,"BUYER, 05Ran@2 agreed on {'time': 15, 'quantity': 2, 'unit_price': 36} [id e4c88561-9065-4aed-8a5e-39e1ca32d2a9]",e4c88561-9065-4aed-8a5e-39e1ca32d2a9,product,1.0,213928db-dcb1-454b-acf3-3e989cc15c8a,05Ran@2,str,['BUYER'],-1,False
138,"BUYER, 05Ran@2 agreed on {'time': 15, 'quantity': 3, 'unit_price': 36} [id 9369e114-9a82-4689-b20f-bbe78fe18056]",9369e114-9a82-4689-b20f-bbe78fe18056,product,1.0,9eeab20c-2a9b-4a8d-9669-579633571cd8,05Ran@2,str,['BUYER'],-1,False
139,"02Dec@1, 01Ran@0 agreed on {'quantity': 3, 'time': 16, 'unit_price': 1} [id 550f3e28-a261-496b-81a9-933f4715ef2d]",550f3e28-a261-496b-81a9-933f4715ef2d,product,1.0,e3ab9244-1965-4735-9842-00729a2ad681,01Ran@0,str,['02Dec@1'],-1,False
140,"BUYER, 04Ind@2 agreed on {'time': 16, 'quantity': 4, 'unit_price': 36} [id acf4e03d-f9e3-4403-a421-88c2c5290449]",acf4e03d-f9e3-4403-a421-88c2c5290449,product,0.5,511bbca2-8049-4c2e-96c6-c3fa549778bc,04Ind@2,str,['BUYER'],-1,False
141,"BUYER, 05Ran@2 agreed on {'time': 16, 'quantity': 3, 'unit_price': 36} [id 8d4e7383-a06e-4f74-87fc-2095fda3a108]",8d4e7383-a06e-4f74-87fc-2095fda3a108,product,1.0,1d60a1b6-18e7-4a07-b650-c3c3c767c4cc,05Ran@2,str,['BUYER'],-1,False
142,"BUYER, 04Ind@2 agreed on {'time': 16, 'quantity': 1, 'unit_price': 36} [id 7d738752-b7da-46db-aed7-dfcafd26f726]",7d738752-b7da-46db-aed7-dfcafd26f726,product,1.0,5abdc934-d32c-4e03-858c-c732e4703684,04Ind@2,str,['BUYER'],-1,False
143,"BUYER, 04Ind@2 agreed on {'time': 16, 'quantity': 2, 'unit_price': 36} [id 22eb05d9-5b81-45ac-9a9e-ddcdad9e72df]",22eb05d9-5b81-45ac-9a9e-ddcdad9e72df,product,1.0,bcd97905-481b-4d1b-a181-c66277dddef8,04Ind@2,str,['BUYER'],-1,False
144,"BUYER, 05Ran@2 agreed on {'time': 16, 'quantity': 4, 'unit_price': 36} [id f61742cd-5762-4310-a9ab-90dd1aad64bd]",f61742cd-5762-4310-a9ab-90dd1aad64bd,product,1.0,ac1e8d8b-e26d-4dc7-b68b-908fde7995da,05Ran@2,str,['BUYER'],-1,False
145,"BUYER, 05Ran@2 agreed on {'time': 16, 'quantity': 2, 'unit_price': 36} [id 4591c09d-d16b-49f8-9cde-562b8e2aa57c]",4591c09d-d16b-49f8-9cde-562b8e2aa57c,product,1.0,50eccf74-a518-4112-b5f2-2a151c4f4a6d,05Ran@2,str,['BUYER'],-1,False
146,"BUYER, 05Ran@2 agreed on {'time': 16, 'quantity': 3, 'unit_price': 36} [id dfeace73-929d-4ea6-a8ce-c9bee402a277]",dfeace73-929d-4ea6-a8ce-c9bee402a277,product,1.0,b197d34e-d29f-4d09-9231-1f5c64a261bf,05Ran@2,str,['BUYER'],-1,False
147,"BUYER, 05Ran@2 agreed on {'time': 16, 'quantity': 1, 'unit_price': 36} [id 2dd9de1c-8f92-456c-8cf1-098b6b6c8ccb]",2dd9de1c-8f92-456c-8cf1-098b6b6c8ccb,product,1.0,be07540f-0766-4c06-9f92-b8aa2731583c,05Ran@2,str,['BUYER'],-1,False
148,"02Dec@1, 04Ind@2 agreed on {'quantity': 5, 'time': 17, 'unit_price': 38} [id 6114803b-6541-4465-8bde-82976a2757d7]",6114803b-6541-4465-8bde-82976a2757d7,product,0.2,f18aeae6-eab8-4345-b0b6-1f3a88bb872b,02Dec@1,str,['04Ind@2'],-1,False
149,"04Ind@2, 03Buy@1 agreed on {'quantity': 5, 'time': 17, 'unit_price': 14} [id 4cc25900-adb9-4839-950d-415f862948e9]",4cc25900-adb9-4839-950d-415f862948e9,product,1.0,4218ec93-de11-404d-b1a2-8a9ed489ff95,03Buy@1,str,['04Ind@2'],-1,False
150,"05Ran@2, 03Buy@1 agreed on {'quantity': 7, 'time': 17, 'unit_price': 26} [id d80ef4ea-4c88-4eea-a8ef-ff45df3760cc]",d80ef4ea-4c88-4eea-a8ef-ff45df3760cc,product,1.0,ef7ea018-451c-430b-8002-2413d8c655eb,03Buy@1,str,['05Ran@2'],-1,False
151,"BUYER, 05Ran@2 agreed on {'time': 17, 'quantity': 5, 'unit_price': 36} [id ed00e3fa-5503-4bd3-a6a3-99e842a33d6d]",ed00e3fa-5503-4bd3-a6a3-99e842a33d6d,product,1.0,bc2c914c-47b6-4d82-b971-020265da5c06,05Ran@2,str,['BUYER'],-1,False
152,"BUYER, 05Ran@2 agreed on {'time': 17, 'quantity': 2, 'unit_price': 36} [id d97438e2-7709-42c4-81d1-6164998021fd]",d97438e2-7709-42c4-81d1-6164998021fd,product,1.0,3c5a8842-452c-41f5-93f9-30145968506f,05Ran@2,str,['BUYER'],-1,False
153,"02Dec@1, 01Ran@0 agreed on {'quantity': 1, 'time': 18, 'unit_price': 2} [id 97e7a3cb-c923-4062-9e83-5013801ccee1]",97e7a3cb-c923-4062-9e83-5013801ccee1,product,1.0,e8f1a88c-821d-4bff-8627-cd54a677482f,01Ran@0,str,['02Dec@1'],-1,False
154,"04Ind@2, 03Buy@1 agreed on {'quantity': 5, 'time': 18, 'unit_price': 14} [id bb4ffdd6-735f-4bf9-9ad3-3be58e934c46]",bb4ffdd6-735f-4bf9-9ad3-3be58e934c46,product,1.0,f9df3ae7-954a-45de-a5d1-6a13715bb219,03Buy@1,str,['04Ind@2'],-1,False
155,"05Ran@2, 03Buy@1 agreed on {'quantity': 6, 'time': 18, 'unit_price': 24} [id 9cd39a13-2b48-4b1c-876c-90e3c5a8f087]",9cd39a13-2b48-4b1c-876c-90e3c5a8f087,product,1.0,82fe2e95-5d61-4037-acba-de08dea04b3f,03Buy@1,str,['05Ran@2'],-1,False
156,"05Ran@2, 03Buy@1 agreed on {'quantity': 11, 'time': 18, 'unit_price': 20} [id 9c04477b-71a0-4b13-83e2-c78763daff73]",9c04477b-71a0-4b13-83e2-c78763daff73,product,1.0,150757b4-45f6-40d7-98ca-90b319ce657b,03Buy@1,str,['05Ran@2'],-1,False
157,"BUYER, 05Ran@2 agreed on {'time': 18, 'quantity': 5, 'unit_price': 36} [id cc1d8f3c-d280-46c3-ba72-2af134be3914]",cc1d8f3c-d280-46c3-ba72-2af134be3914,product,1.0,d2ebb150-1652-468f-9618-003dfa1eec48,05Ran@2,str,['BUYER'],-1,False
158,"BUYER, 05Ran@2 agreed on {'time': 18, 'quantity': 2, 'unit_price': 36} [id 05e0cab6-2f33-486c-ab97-64035a26cefe]",05e0cab6-2f33-486c-ab97-64035a26cefe,product,1.0,c9603ffc-3a29-401f-92b0-769ac144e00d,05Ran@2,str,['BUYER'],-1,False
159,"BUYER, 05Ran@2 agreed on {'time': 18, 'quantity': 3, 'unit_price': 36} [id f6702167-2707-45d8-a813-cfa7166461a1]",f6702167-2707-45d8-a813-cfa7166461a1,product,1.0,58f2ce97-6476-4eb1-bbe0-8489d2273c32,05Ran@2,str,['BUYER'],-1,False
160,"BUYER, 05Ran@2 agreed on {'time': 18, 'quantity': 1, 'unit_price': 36} [id 5d523b55-8aee-4053-a3b8-7b469515d742]",5d523b55-8aee-4053-a3b8-7b469515d742,product,1.0,d4b541ae-90df-4d7c-be00-dd8f49f4c112,05Ran@2,str,['BUYER'],-1,False
161,"02Dec@1, 01Ran@0 agreed on {'quantity': 4, 'time': 19, 'unit_price': 4} [id 805d042d-8cfa-412c-b7d6-62ba16ff27cf]",805d042d-8cfa-412c-b7d6-62ba16ff27cf,product,1.0,74fd366d-f113-4927-a678-2f836c96d5eb,01Ran@0,str,['02Dec@1'],-1,False
162,"02Dec@1, 01Ran@0 agreed on {'quantity': 2, 'time': 19, 'unit_price': 1} [id bd1009b8-f89d-4a7c-aea1-01311ff6f44d]",bd1009b8-f89d-4a7c-aea1-01311ff6f44d,product,1.0,c6b8b89e-18c3-47b1-ba3a-f04b34635a27,01Ran@0,str,['02Dec@1'],-1,False
163,"02Dec@1, 05Ran@2 agreed on {'quantity': 3, 'time': 19, 'unit_price': 52} [id 37c85ad6-5f63-43e6-b28d-02d629ca31ac]",37c85ad6-5f63-43e6-b28d-02d629ca31ac,product,0.6666666666666666,b21821b9-a2bf-41c9-9054-e8aea6f5aa55,02Dec@1,str,['05Ran@2'],-1,False
164,"04Ind@2, 03Buy@1 agreed on {'quantity': 5, 'time': 19, 'unit_price': 14} [id 436e6448-b2f3-40b0-afc1-8a5904252a1c]",436e6448-b2f3-40b0-afc1-8a5904252a1c,product,1.0,20dfb363-97af-4d21-a4d6-f746fb4eaa17,03Buy@1,str,['04Ind@2'],-1,False
165,"02Dec@1, 05Ran@2 agreed on {'quantity': 1, 'time': 19, 'unit_price': 52} [id c2bcd2af-6059-4ff7-9cba-17abaeeaf3ce]",c2bcd2af-6059-4ff7-9cba-17abaeeaf3ce,product,1.0,a0678799-70a6-413d-9cdb-93d89f23b3c8,02Dec@1,str,['05Ran@2'],-1,False
166,"02Dec@1, 04Ind@2 agreed on {'quantity': 1, 'time': 19, 'unit_price': 39} [id 11bddd69-3d63-4ec5-b312-b667e21146ed]",11bddd69-3d63-4ec5-b312-b667e21146ed,product,1.0,966ac386-9033-434c-b029-34d97b7df209,02Dec@1,str,['04Ind@2'],-1,False
167,"BUYER, 05Ran@2 agreed on {'time': 19, 'quantity': 2, 'unit_price': 36} [id 88653095-61b1-4d87-afac-b9bce94e1ff3]",88653095-61b1-4d87-afac-b9bce94e1ff3,product,1.0,791393af-4cab-4fb6-82f8-89636c7a9593,05Ran@2,str,['BUYER'],-1,False
168,"BUYER, 05Ran@2 agreed on {'time': 19, 'quantity': 3, 'unit_price': 36} [id c75be758-e0b2-440f-8e5e-f94081aff625]",c75be758-e0b2-440f-8e5e-f94081aff625,product,1.0,511043d8-fd2f-465f-a9ab-c8476928b3c8,05Ran@2,str,['BUYER'],-1,False
169,"BUYER, 05Ran@2 agreed on {'time': 19, 'quantity': 2, 'unit_price': 36} [id 566244fc-41a3-497d-a484-7914e23406c9]",566244fc-41a3-497d-a484-7914e23406c9,product,1.0,3389035b-0422-44cb-91b8-6f314445ecc2,05Ran@2,str,['BUYER'],-1,False
170,"02Dec@1, 01Ran@0 agreed on {'quantity': 2, 'time': 20, 'unit_price': 1} [id 307c9511-19ec-4dfb-b9b0-9f84ddfea090]",307c9511-19ec-4dfb-b9b0-9f84ddfea090,product,1.0,b8ac0035-af40-4ad1-a99e-85ea48be3ae8,01Ran@0,str,['02Dec@1'],-1,False
171,"BUYER, 05Ran@2 agreed on {'time': 20, 'quantity': 2, 'unit_price': 36} [id 6ca41db7-f8bc-4cd5-aac9-3d0e98ef9fff]",6ca41db7-f8bc-4cd5-aac9-3d0e98ef9fff,product,1.0,f45a7939-6a78-4320-a93c-a68e4a9cc81a,05Ran@2,str,['BUYER'],-1,False
172,"BUYER, 05Ran@2 agreed on {'time': 20, 'quantity': 3, 'unit_price': 36} [id e5399f12-3fcd-42af-bacf-8d156308eb3d]",e5399f12-3fcd-42af-bacf-8d156308eb3d,product,1.0,1bd71502-16e3-4783-906c-0d212ae04f12,05Ran@2,str,['BUYER'],-1,False
173,"BUYER, 05Ran@2 agreed on {'time': 20, 'quantity': 4, 'unit_price': 36} [id 58dd7fd2-8841-415a-b179-f9a3a993c681]",58dd7fd2-8841-415a-b179-f9a3a993c681,product,1.0,d8e45c9d-a9b6-41bc-91ed-e1ea70c643ad,05Ran@2,str,['BUYER'],-1,False
174,"BUYER, 05Ran@2 agreed on {'time': 20, 'quantity': 3, 'unit_price': 36} [id a06c1a2b-6805-4dd5-a85f-472eeea4eb5d]",a06c1a2b-6805-4dd5-a85f-472eeea4eb5d,product,1.0,e3bfb692-a37f-4c1f-a78e-45ade51c7b0e,05Ran@2,str,['BUYER'],-1,False
175,"02Dec@1, 01Ran@0 agreed on {'quantity': 5, 'time': 21, 'unit_price': 2} [id 96e9c3e7-fcfc-48f1-8fc3-5d38669f6ba2]",96e9c3e7-fcfc-48f1-8fc3-5d38669f6ba2,product,1.0,1a95508b-6a19-4d27-a1c5-124e6dd1b839,01Ran@0,str,['02Dec@1'],-1,False
176,"02Dec@1, 05Ran@2 agreed on {'quantity': 2, 'time': 21, 'unit_price': 51} [id e5358e62-caf3-4e82-a26c-ce15a713e08a]",e5358e62-caf3-4e82-a26c-ce15a713e08a,product,0.5,61cce624-cec2-4b1c-b7a5-08b8cdd4eda7,02Dec@1,str,['05Ran@2'],-1,False
177,"02Dec@1, 04Ind@2 agreed on {'quantity': 1, 'time': 21, 'unit_price': 39} [id 2a9989e1-84f1-4452-ac81-bef4e0c723bd]",2a9989e1-84f1-4452-ac81-bef4e0c723bd,product,1.0,c839c451-42d2-4de9-990e-42696ceea727,02Dec@1,str,['04Ind@2'],-1,False
178,"BUYER, 05Ran@2 agreed on {'time': 21, 'quantity': 5, 'unit_price': 36} [id c3e5ebbb-57dc-4cab-8918-891470b01125]",c3e5ebbb-57dc-4cab-8918-891470b01125,product,1.0,e8fad39b-eab8-401f-ae2b-d1aa8ae4edc4,05Ran@2,str,['BUYER'],-1,False
179,"BUYER, 05Ran@2 agreed on {'time': 21, 'quantity': 4, 'unit_price': 36} [id c3e7802b-1a8c-44fd-900f-3b86cb2ca75c]",c3e7802b-1a8c-44fd-900f-3b86cb2ca75c,product,1.0,44aad0a6-7223-4287-8dd9-736cc9fde491,05Ran@2,str,['BUYER'],-1,False
180,"BUYER, 05Ran@2 agreed on {'time': 21, 'quantity': 2, 'unit_price': 36} [id 2a06365d-cb2e-4cc1-ba8a-807e4537f90b]",2a06365d-cb2e-4cc1-ba8a-807e4537f90b,product,1.0,05ee0c2b-5647-4386-91d0-beaa9f712204,05Ran@2,str,['BUYER'],-1,False
181,"02Dec@1, 01Ran@0 agreed on {'quantity': 2, 'time': 22, 'unit_price': 8} [id e8f64a25-64fd-4d2c-af13-9d4e88f2adc0]",e8f64a25-64fd-4d2c-af13-9d4e88f2adc0,product,1.0,c0c75e8f-3bde-45e9-b635-b772b145a23e,01Ran@0,str,['02Dec@1'],-1,False
182,"BUYER, 05Ran@2 agreed on {'time': 22, 'quantity': 3, 'unit_price': 36} [id fb0bc819-e5a0-461a-bcc8-4cb171bb4de6]",fb0bc819-e5a0-461a-bcc8-4cb171bb4de6,product,1.0,cdbe3eb7-3a1e-4603-b987-f31e37c62338,05Ran@2,str,['BUYER'],-1,False
183,"BUYER, 05Ran@2 agreed on {'time': 22, 'quantity': 1, 'unit_price': 36} [id 45409e48-4593-42b1-b366-16269c2610d7]",45409e48-4593-42b1-b366-16269c2610d7,product,1.0,4eafa080-0018-4200-ab11-ed631f8caeb6,05Ran@2,str,['BUYER'],-1,False
184,"BUYER, 05Ran@2 agreed on {'time': 22, 'quantity': 1, 'unit_price': 36} [id fbabd966-8aae-4a89-bbee-161ec2dc7312]",fbabd966-8aae-4a89-bbee-161ec2dc7312,product,1.0,4bba9689-0ac0-4814-8391-6d09f0508997,05Ran@2,str,['BUYER'],-1,False
185,"BUYER, 05Ran@2 agreed on {'time': 22, 'quantity': 5, 'unit_price': 36} [id fa317463-35dd-4380-95f2-09fcc80d243a]",fa317463-35dd-4380-95f2-09fcc80d243a,product,1.0,0aa50d19-126e-4af4-839f-d9531c24ad52,05Ran@2,str,['BUYER'],-1,False
186,"02Dec@1, 01Ran@0 agreed on {'quantity': 1, 'time': 23, 'unit_price': 1} [id 33e60c07-4633-49d0-a738-88d2bbd381b4]",33e60c07-4633-49d0-a738-88d2bbd381b4,product,1.0,87ca839e-68bb-4a04-a6f6-8a992aa954e0,01Ran@0,str,['02Dec@1'],-1,False
187,"02Dec@1, 05Ran@2 agreed on {'quantity': 1, 'time': 23, 'unit_price': 43} [id adf4a98d-1579-4421-af77-cc8f612924d2]",adf4a98d-1579-4421-af77-cc8f612924d2,product,1.0,9831b7eb-e1c2-4783-a76c-be0886cbe957,02Dec@1,str,['05Ran@2'],-1,False
188,"04Ind@2, 03Buy@1 agreed on {'quantity': 7, 'time': 23, 'unit_price': 14} [id 78db3e5b-977f-4bb3-a8ee-5d03e0696704]",78db3e5b-977f-4bb3-a8ee-5d03e0696704,product,1.0,65e8ebd7-801f-40a1-bbfb-64388e0b5603,03Buy@1,str,['04Ind@2'],-1,False
189,"05Ran@2, 03Buy@1 agreed on {'quantity': 8, 'time': 23, 'unit_price': 25} [id 526cc13c-c74e-40ff-a11d-de93bb092795]",526cc13c-c74e-40ff-a11d-de93bb092795,product,1.0,554df615-eaf9-441a-b4b4-77c4efd6cb2f,03Buy@1,str,['05Ran@2'],-1,False
190,"05Ran@2, 03Buy@1 agreed on {'quantity': 2, 'time': 23, 'unit_price': 25} [id 46b2e624-2866-4ae3-8507-4415aa24d666]",46b2e624-2866-4ae3-8507-4415aa24d666,product,1.0,25841030-a5cc-4a45-92cd-2a8c751f5ef8,03Buy@1,str,['05Ran@2'],-1,False
191,"05Ran@2, 03Buy@1 agreed on {'quantity': 4, 'time': 23, 'unit_price': 25} [id 6091ff32-b94b-495f-bada-0317cef175f8]",6091ff32-b94b-495f-bada-0317cef175f8,product,1.0,d59bbc8f-cdb1-48f4-8bd2-4729e9940641,03Buy@1,str,['05Ran@2'],-1,False
192,"BUYER, 05Ran@2 agreed on {'time': 23, 'quantity': 2, 'unit_price': 36} [id 296fe3e7-15e6-4899-b386-d49d45f21962]",296fe3e7-15e6-4899-b386-d49d45f21962,product,1.0,29bbe6f0-d69f-4f72-af23-60eb776c12a2,05Ran@2,str,['BUYER'],-1,False
193,"BUYER, 05Ran@2 agreed on {'time': 23, 'quantity': 1, 'unit_price': 36} [id 99b592e4-d798-4b42-a83e-a006018eeb41]",99b592e4-d798-4b42-a83e-a006018eeb41,product,1.0,8a8d0a88-8d5b-4265-a849-96551b35d508,05Ran@2,str,['BUYER'],-1,False
194,"BUYER, 05Ran@2 agreed on {'time': 23, 'quantity': 3, 'unit_price': 36} [id 67ebe436-db60-425a-9c13-f8cdc9116c0d]",67ebe436-db60-425a-9c13-f8cdc9116c0d,product,1.0,330a5551-f4a9-4b24-9ff7-51d41b6a902f,05Ran@2,str,['BUYER'],-1,False
195,"BUYER, 05Ran@2 agreed on {'time': 23, 'quantity': 3, 'unit_price': 36} [id eae44cd6-0701-4e70-9276-dffa7fe128fe]",eae44cd6-0701-4e70-9276-dffa7fe128fe,product,1.0,3fe938f3-e22b-4230-b727-89c55a0811d9,05Ran@2,str,['BUYER'],-1,False
196,"BUYER, 05Ran@2 agreed on {'time': 23, 'quantity': 3, 'unit_price': 36} [id 095316e5-fec7-4f73-be04-2ce2d0a9c9ef]",095316e5-fec7-4f73-be04-2ce2d0a9c9ef,product,1.0,ec904877-c754-4a38-8095-32b3e125febf,05Ran@2,str,['BUYER'],-1,False
197,"02Dec@1, 01Ran@0 agreed on {'quantity': 5, 'time': 24, 'unit_price': 1} [id 3af93185-7060-43fd-bd8a-be40f39e5d5d]",3af93185-7060-43fd-bd8a-be40f39e5d5d,product,1.0,6bbfcd71-0ea9-456d-92f4-eca3e7a35878,01Ran@0,str,['02Dec@1'],-1,False
198,"02Dec@1, 05Ran@2 agreed on {'quantity': 3, 'time': 24, 'unit_price': 52} [id 8bc9260e-61c0-4c31-b664-8660e0868127]",8bc9260e-61c0-4c31-b664-8660e0868127,product,0.6666666666666666,85c2829f-1622-490b-a5b6-cce9ac0f25b0,02Dec@1,str,['05Ran@2'],-1,False
199,"02Dec@1, 04Ind@2 agreed on {'quantity': 1, 'time': 24, 'unit_price': 39} [id 28afde67-db98-4146-aafc-89e418c7c88d]",28afde67-db98-4146-aafc-89e418c7c88d,product,1.0,55730b5a-0536-4052-bc17-6182e60ae3f5,02Dec@1,str,['04Ind@2'],-1,False
200,"02Dec@1, 04Ind@2 agreed on {'quantity': 1, 'time': 24, 'unit_price': 39} [id 581aad8e-479a-4437-a7b8-62bd7597e114]",581aad8e-479a-4437-a7b8-62bd7597e114,product,1.0,74eea784-ed77-42fa-9400-3f2d00ef6dcf,02Dec@1,str,['04Ind@2'],-1,False
201,"04Ind@2, 03Buy@1 agreed on {'quantity': 8, 'time': 24, 'unit_price': 14} [id 7378db2a-5220-4ce9-9e81-3b800dba653a]",7378db2a-5220-4ce9-9e81-3b800dba653a,product,1.0,8270fdd9-0f90-4955-8674-fd5659c0e724,03Buy@1,str,['04Ind@2'],-1,False
202,"BUYER, 05Ran@2 agreed on {'time': 24, 'quantity': 5, 'unit_price': 36} [id c48d3f8f-5c2d-48d7-8e77-0960df71ae01]",c48d3f8f-5c2d-48d7-8e77-0960df71ae01,product,1.0,ef4a7940-a28e-4cf7-b38c-ddd70c9e52f7,05Ran@2,str,['BUYER'],-1,False
203,"BUYER, 05Ran@2 agreed on {'time': 24, 'quantity': 2, 'unit_price': 36} [id b473c11b-55c5-40da-a7c9-b6e83761a071]",b473c11b-55c5-40da-a7c9-b6e83761a071,product,1.0,fe0678db-5b76-4479-a933-52509ed10541,05Ran@2,str,['BUYER'],-1,False
204,"BUYER, 05Ran@2 agreed on {'time': 24, 'quantity': 4, 'unit_price': 36} [id 9a87b0e3-9a03-4404-bd7f-29eb238d8de0]",9a87b0e3-9a03-4404-bd7f-29eb238d8de0,product,1.0,5262934a-39ac-48b1-95a3-63b28c25a637,05Ran@2,str,['BUYER'],-1,False
205,"BUYER, 05Ran@2 agreed on {'time': 24, 'quantity': 2, 'unit_price': 36} [id d255efff-175e-48cb-b184-07dd6763d096]",d255efff-175e-48cb-b184-07dd6763d096,product,1.0,54edd6c1-8ca2-40c5-8fff-496fb7d582f2,05Ran@2,str,['BUYER'],-1,False
206,"BUYER, 05Ran@2 agreed on {'time': 24, 'quantity': 1, 'unit_price': 36} [id b44f6235-cf7b-4110-86c3-4bf2d7e24860]",b44f6235-cf7b-4110-86c3-4bf2d7e24860,product,1.0,edc77ff6-92ed-4dc6-9dc2-a2bfb5ad7192,05Ran@2,str,['BUYER'],-1,False
207,"02Dec@1, 01Ran@0 agreed on {'quantity': 5, 'time': 25, 'unit_price': 2} [id 71ee0f36-e525-4795-95ad-06205c306ffe]",71ee0f36-e525-4795-95ad-06205c306ffe,product,1.0,646ea437-05c1-4ef5-970a-203e02e59a65,01Ran@0,str,['02Dec@1'],-1,False
208,"04Ind@2, 03Buy@1 agreed on {'quantity': 7, 'time': 25, 'unit_price': 14} [id dd0465de-1e4a-4ace-b90a-43575a0c6216]",dd0465de-1e4a-4ace-b90a-43575a0c6216,product,1.0,35212ec5-4a28-4ebd-b43a-c49220b62259,03Buy@1,str,['04Ind@2'],-1,False
209,"05Ran@2, 03Buy@1 agreed on {'quantity': 1, 'time': 25, 'unit_price': 25} [id 7234cce5-77d3-4e2f-9e7e-8304add76829]",7234cce5-77d3-4e2f-9e7e-8304add76829,product,1.0,3041e486-3f2a-4201-8335-5036a333333c,03Buy@1,str,['05Ran@2'],-1,False
210,"BUYER, 05Ran@2 agreed on {'time': 25, 'quantity': 3, 'unit_price': 36} [id d20dd446-7121-44fe-b962-7a37415e066c]",d20dd446-7121-44fe-b962-7a37415e066c,product,1.0,270db494-ea9b-4416-9608-5237db7394ab,05Ran@2,str,['BUYER'],-1,False
211,"BUYER, 05Ran@2 agreed on {'time': 25, 'quantity': 3, 'unit_price': 36} [id a00881dc-4aac-4ac5-95f0-10de1a8ba80f]",a00881dc-4aac-4ac5-95f0-10de1a8ba80f,product,1.0,4ba829ba-14c9-4bd6-b5de-9c4ba5a00f2d,05Ran@2,str,['BUYER'],-1,False
212,"BUYER, 05Ran@2 agreed on {'time': 25, 'quantity': 2, 'unit_price': 36} [id f8ef4c61-eea9-4b9f-b615-3c0704357eed]",f8ef4c61-eea9-4b9f-b615-3c0704357eed,product,1.0,b83f7988-5ffe-46e7-9fa6-7f115704bec8,05Ran@2,str,['BUYER'],-1,False
213,"02Dec@1, 01Ran@0 agreed on {'quantity': 1, 'time': 26, 'unit_price': 2} [id 514b29e0-3e07-4d82-9bfe-299f5fee3a94]",514b29e0-3e07-4d82-9bfe-299f5fee3a94,product,1.0,2e71e70e-a586-4469-a5b6-d27b140fbb8a,01Ran@0,str,['02Dec@1'],-1,False
214,"02Dec@1, 01Ran@0 agreed on {'quantity': 5, 'time': 26, 'unit_price': 2} [id 104ad243-ffa5-4d31-8e10-53f71ca157b5]",104ad243-ffa5-4d31-8e10-53f71ca157b5,product,1.0,ae809e9d-bfd5-4abc-98d6-ad6a25b36b3d,01Ran@0,str,['02Dec@1'],-1,False
215,"05Ran@2, 03Buy@1 agreed on {'quantity': 6, 'time': 26, 'unit_price': 22} [id 478ac306-2b52-4a06-adbe-ec61983490a3]",478ac306-2b52-4a06-adbe-ec61983490a3,product,1.0,a103ddb6-003a-4bad-ab7f-25bebfba31c7,03Buy@1,str,['05Ran@2'],-1,False
216,"BUYER, 05Ran@2 agreed on {'time': 26, 'quantity': 3, 'unit_price': 36} [id 6c9026ad-deab-4e47-8fd3-7f1092ee17ca]",6c9026ad-deab-4e47-8fd3-7f1092ee17ca,product,1.0,fa67e6fd-e78d-40a2-9762-091bf84bc0ab,05Ran@2,str,['BUYER'],-1,False
217,"BUYER, 05Ran@2 agreed on {'time': 26, 'quantity': 2, 'unit_price': 36} [id 6b8a7861-84bd-4a0e-a75b-3b52ba445178]",6b8a7861-84bd-4a0e-a75b-3b52ba445178,product,1.0,ef8ab448-309c-478b-b0b0-7490baae52d8,05Ran@2,str,['BUYER'],-1,False
218,"BUYER, 05Ran@2 agreed on {'time': 26, 'quantity': 3, 'unit_price': 36} [id c51773e3-2094-4248-98e6-77d532d9bd21]",c51773e3-2094-4248-98e6-77d532d9bd21,product,1.0,82cfcc4a-bf8f-48a5-8a88-b5898d02b5a3,05Ran@2,str,['BUYER'],-1,False
219,"05Ran@2, 03Buy@1 agreed on {'quantity': 4, 'time': 27, 'unit_price': 25} [id bcc02e3f-9778-433c-a1ea-ed2da8981b20]",bcc02e3f-9778-433c-a1ea-ed2da8981b20,product,1.0,08c857e6-5456-40e6-82af-5a64ece6ccb6,03Buy@1,str,['05Ran@2'],-1,False
220,"05Ran@2, 03Buy@1 agreed on {'quantity': 5, 'time': 27, 'unit_price': 21} [id 62792637-240a-454f-a1b6-27f4b66824b6]",62792637-240a-454f-a1b6-27f4b66824b6,product,1.0,03260ecd-b769-4920-b431-17bdf20f1c0e,03Buy@1,str,['05Ran@2'],-1,False
221,"05Ran@2, 03Buy@1 agreed on {'quantity': 8, 'time': 27, 'unit_price': 25} [id 28e8fa38-e5db-4bff-82c5-3c542d3bfbeb]",28e8fa38-e5db-4bff-82c5-3c542d3bfbeb,product,1.0,317c7f5a-746d-4497-a244-916cba276fdf,03Buy@1,str,['05Ran@2'],-1,False
222,"BUYER, 05Ran@2 agreed on {'time': 27, 'quantity': 5, 'unit_price': 36} [id a5615a92-72b1-40ff-b343-5111662d24c6]",a5615a92-72b1-40ff-b343-5111662d24c6,product,1.0,a0dd1e1d-6b94-452d-b42c-ca327c994a1d,05Ran@2,str,['BUYER'],-1,False
223,"BUYER, 05Ran@2 agreed on {'time': 27, 'quantity': 3, 'unit_price': 36} [id 364e23d0-71b8-49b3-8faf-9ca706abea04]",364e23d0-71b8-49b3-8faf-9ca706abea04,product,1.0,458c1fe1-3ce8-4d70-87f3-4a1106ee2250,05Ran@2,str,['BUYER'],-1,False
224,"BUYER, 05Ran@2 agreed on {'time': 27, 'quantity': 5, 'unit_price': 36} [id 3227f972-2514-4b9e-b0e3-e961440941ce]",3227f972-2514-4b9e-b0e3-e961440941ce,product,1.0,cd92cdd7-be4b-482b-9527-9c99e14f5a56,05Ran@2,str,['BUYER'],-1,False
225,"04Ind@2, 03Buy@1 agreed on {'quantity': 7, 'time': 28, 'unit_price': 14} [id 971fa5c7-cf61-4c05-8ad1-b7414a6be21f]",971fa5c7-cf61-4c05-8ad1-b7414a6be21f,product,1.0,c2184637-b69f-43a0-b29c-5d7be13b17c7,03Buy@1,str,['04Ind@2'],-1,False
226,"BUYER, 05Ran@2 agreed on {'time': 28, 'quantity': 1, 'unit_price': 36} [id 3b56c1f5-2753-4b3e-9376-bd1403478a98]",3b56c1f5-2753-4b3e-9376-bd1403478a98,product,1.0,8bb7e856-99b3-4347-81bb-4f6bee0a180e,05Ran@2,str,['BUYER'],-1,False
227,"BUYER, 05Ran@2 agreed on {'time': 28, 'quantity': 4, 'unit_price': 36} [id a9bde387-6cd8-4599-8c4d-a2b2f85ad82a]",a9bde387-6cd8-4599-8c4d-a2b2f85ad82a,product,1.0,1b18a277-b0aa-42e8-9b7c-2eb83b5f673a,05Ran@2,str,['BUYER'],-1,False
228,"BUYER, 05Ran@2 agreed on {'time': 28, 'quantity': 2, 'unit_price': 36} [id 3268c8e3-8868-4c8e-8e59-15c5d7078c39]",3268c8e3-8868-4c8e-8e59-15c5d7078c39,product,1.0,deb1ea71-7fab-41da-9970-1ceee7e0b642,05Ran@2,str,['BUYER'],-1,False
229,"BUYER, 05Ran@2 agreed on {'time': 28, 'quantity': 2, 'unit_price': 36} [id ba4c3d37-500a-4332-a2bc-79635be8e187]",ba4c3d37-500a-4332-a2bc-79635be8e187,product,1.0,d4706c0a-c9c4-40b3-a67b-cd7e3510cb0c,05Ran@2,str,['BUYER'],-1,False
230,"02Dec@1, 05Ran@2 agreed on {'quantity': 1, 'time': 29, 'unit_price': 52} [id 3c7bca42-f610-4e8f-8e0e-88f4b5758cc1]",3c7bca42-f610-4e8f-8e0e-88f4b5758cc1,product,1.0,ae741811-e514-4335-bbdf-183f398b8b87,02Dec@1,str,['05Ran@2'],-1,False
231,"02Dec@1, 05Ran@2 agreed on {'quantity': 5, 'time': 29, 'unit_price': 46} [id 78aa4768-1be9-4a8f-9471-2d64c6adcdd1]",78aa4768-1be9-4a8f-9471-2d64c6adcdd1,product,1.0,b20a18ca-29f3-4de9-b766-d418bbad1c38,02Dec@1,str,['05Ran@2'],-1,False
232,"02Dec@1, 05Ran@2 agreed on {'quantity': 1, 'time': 29, 'unit_price': 52} [id c81efb82-8e36-4c28-978c-2aab6e27be98]",c81efb82-8e36-4c28-978c-2aab6e27be98,product,1.0,4f2659d5-de4d-45b7-93f4-7fbb7d656c34,02Dec@1,str,['05Ran@2'],-1,False
233,"02Dec@1, 05Ran@2 agreed on {'quantity': 5, 'time': 29, 'unit_price': 49} [id ce11010e-91b6-42c3-9a1b-1a8fcd9b5a50]",ce11010e-91b6-42c3-9a1b-1a8fcd9b5a50,product,1.0,63bd90b0-4e6a-4a14-a09b-9a298b928093,02Dec@1,str,['05Ran@2'],-1,False
234,"04Ind@2, 03Buy@1 agreed on {'quantity': 5, 'time': 29, 'unit_price': 14} [id dbc59fce-f725-48b6-8f41-0b59e2832fca]",dbc59fce-f725-48b6-8f41-0b59e2832fca,product,1.0,fbed6bbe-9370-4613-b036-25c7cb9d4510,03Buy@1,str,['04Ind@2'],-1,False
235,"05Ran@2, 03Buy@1 agreed on {'quantity': 5, 'time': 29, 'unit_price': 24} [id 6a9eee1b-9cff-4d9b-b9ec-4c3371c1a5e6]",6a9eee1b-9cff-4d9b-b9ec-4c3371c1a5e6,product,1.0,b5f57e16-0fd4-4e52-86f6-599d169ae4e0,03Buy@1,str,['05Ran@2'],-1,False
236,"05Ran@2, 03Buy@1 agreed on {'quantity': 10, 'time': 29, 'unit_price': 23} [id f48fa6d8-cbdc-47ce-ab3a-769f9cb51572]",f48fa6d8-cbdc-47ce-ab3a-769f9cb51572,product,1.0,17602505-d86f-4cf1-a282-419b69835308,03Buy@1,str,['05Ran@2'],-1,False
237,"BUYER, 05Ran@2 agreed on {'time': 29, 'quantity': 1, 'unit_price': 36} [id 5aa309d4-5141-4d62-a5c3-480ebb1e5c67]",5aa309d4-5141-4d62-a5c3-480ebb1e5c67,product,1.0,4dde5407-89fb-4615-9ee8-13fd9940c42a,05Ran@2,str,['BUYER'],-1,False
238,"BUYER, 05Ran@2 agreed on {'time': 29, 'quantity': 2, 'unit_price': 36} [id 4d74c8d2-7d93-4c02-9072-1b9d23549b2d]",4d74c8d2-7d93-4c02-9072-1b9d23549b2d,product,1.0,8d488b20-ad6f-4e4d-b19d-5436bce24c66,05Ran@2,str,['BUYER'],-1,False
239,"BUYER, 05Ran@2 agreed on {'time': 29, 'quantity': 4, 'unit_price': 36} [id 416e446e-2094-436e-9fbb-19a63c06accc]",416e446e-2094-436e-9fbb-19a63c06accc,product,1.0,6a159721-0676-4fa3-b0ac-0a6a7b19d3b3,05Ran@2,str,['BUYER'],-1,False
240,"BUYER, 05Ran@2 agreed on {'time': 29, 'quantity': 2, 'unit_price': 36} [id ebc4e316-cb44-4ec4-a1e6-a837625f6543]",ebc4e316-cb44-4ec4-a1e6-a837625f6543,product,1.0,ab06e366-c828-459b-8cc7-303aefe5a671,05Ran@2,str,['BUYER'],-1,False
241,"02Dec@1, 01Ran@0 agreed on {'quantity': 3, 'time': 30, 'unit_price': 3} [id c923f97f-2a48-4c4c-98b1-7e145e871ecd]",c923f97f-2a48-4c4c-98b1-7e145e871ecd,product,1.0,5bdef6cc-878f-4c45-b208-47b13f86df67,01Ran@0,str,['02Dec@1'],-1,False
242,"02Dec@1, 05Ran@2 agreed on {'quantity': 4, 'time': 30, 'unit_price': 50} [id d9f97d54-6c9f-49cd-834b-4794d9b7712d]",d9f97d54-6c9f-49cd-834b-4794d9b7712d,product,1.0,e86c0301-f599-49ad-8a27-e422f0a5d109,02Dec@1,str,['05Ran@2'],-1,False
243,"02Dec@1, 05Ran@2 agreed on {'quantity': 1, 'time': 30, 'unit_price': 50} [id 7c52fc7d-3f28-4a5e-b6a3-9a4628e0502a]",7c52fc7d-3f28-4a5e-b6a3-9a4628e0502a,product,1.0,d2edbb09-8bd1-480d-a119-b3c49be65739,02Dec@1,str,['05Ran@2'],-1,False
244,"04Ind@2, 03Buy@1 agreed on {'quantity': 7, 'time': 30, 'unit_price': 14} [id 3d9f57a2-bf59-4aed-bdcb-eebc24711693]",3d9f57a2-bf59-4aed-bdcb-eebc24711693,product,1.0,cc08234e-90e3-4ca5-86b0-94d174832076,03Buy@1,str,['04Ind@2'],-1,False
245,"BUYER, 05Ran@2 agreed on {'time': 30, 'quantity': 2, 'unit_price': 36} [id b3f8451e-b1a0-44d4-9bad-314f100cf4a3]",b3f8451e-b1a0-44d4-9bad-314f100cf4a3,product,1.0,6c79e760-f5be-4b71-8012-d330a12832c1,05Ran@2,str,['BUYER'],-1,False
246,"BUYER, 04Ind@2 agreed on {'time': 30, 'quantity': 4, 'unit_price': 36} [id fcfd4aa6-2a72-4dfc-9cbf-b1d199b9167e]",fcfd4aa6-2a72-4dfc-9cbf-b1d199b9167e,product,1.0,9e0db102-2f36-4d20-adf2-ffd91ae67007,04Ind@2,str,['BUYER'],-1,False
247,"BUYER, 05Ran@2 agreed on {'time': 30, 'quantity': 5, 'unit_price': 36} [id 1f9b7162-dbdc-4109-99aa-fca4d5aa3768]",1f9b7162-dbdc-4109-99aa-fca4d5aa3768,product,1.0,6a384110-89b9-4350-98c9-8ce8659fb052,05Ran@2,str,['BUYER'],-1,False
248,"BUYER, 05Ran@2 agreed on {'time': 30, 'quantity': 1, 'unit_price': 36} [id 9aa7362f-af70-48c3-b425-51f8b0c0560b]",9aa7362f-af70-48c3-b425-51f8b0c0560b,product,1.0,9cbfc248-54c0-480e-9035-535241972a8b,05Ran@2,str,['BUYER'],-1,False
249,"02Dec@1, 01Ran@0 agreed on {'quantity': 1, 'time': 31, 'unit_price': 2} [id 7df61dea-6169-4930-843b-fd74e6ff765b]",7df61dea-6169-4930-843b-fd74e6ff765b,product,1.0,83bc536c-2eeb-41f0-9934-86112940832f,01Ran@0,str,['02Dec@1'],-1,False
250,"04Ind@2, 03Buy@1 agreed on {'quantity': 7, 'time': 31, 'unit_price': 14} [id 3de6c863-11f8-4f1f-b95d-88d6094bf135]",3de6c863-11f8-4f1f-b95d-88d6094bf135,product,1.0,b5988f38-adb2-4654-9c8a-1fb83fa95c93,03Buy@1,str,['04Ind@2'],-1,False
251,"BUYER, 05Ran@2 agreed on {'time': 31, 'quantity': 3, 'unit_price': 36} [id b7621871-a078-4709-9f7f-27fca1d55142]",b7621871-a078-4709-9f7f-27fca1d55142,product,1.0,01d56273-47e8-4090-b9a6-58c1f7bd559c,05Ran@2,str,['BUYER'],-1,False
252,"BUYER, 05Ran@2 agreed on {'time': 31, 'quantity': 5, 'unit_price': 36} [id b4e556e1-f122-4115-89fb-a341c307b834]",b4e556e1-f122-4115-89fb-a341c307b834,product,1.0,5dd615e6-33f6-4de9-88bd-784180e4e085,05Ran@2,str,['BUYER'],-1,False
253,"04Ind@2, 02Dec@1 agreed on {'quantity': 5, 'time': 32, 'unit_price': 14} [id 75645663-09c7-4af1-8143-8f3af08a0042]",75645663-09c7-4af1-8143-8f3af08a0042,product,0.4,ecfd9c76-fed3-43df-8dc2-8a3b7a45ec3a,02Dec@1,str,['04Ind@2'],-1,False
254,"05Ran@2, 03Buy@1 agreed on {'quantity': 8, 'time': 32, 'unit_price': 20} [id c47e056b-7707-4b37-b62a-f65527f427d1]",c47e056b-7707-4b37-b62a-f65527f427d1,product,1.0,91f28263-9d39-4214-973a-fc64fc056033,03Buy@1,str,['05Ran@2'],-1,False
255,"02Dec@1, 05Ran@2 agreed on {'quantity': 1, 'time': 32, 'unit_price': 28} [id bc482d85-013f-41c8-ac40-c4adb28c4b23]",bc482d85-013f-41c8-ac40-c4adb28c4b23,product,1.0,100ced55-ccac-4118-81a9-74320ae47fa2,02Dec@1,str,['05Ran@2'],-1,False
256,"BUYER, 05Ran@2 agreed on {'time': 32, 'quantity': 2, 'unit_price': 36} [id 80adeb88-bbea-4e26-8123-d46585183eb3]",80adeb88-bbea-4e26-8123-d46585183eb3,product,1.0,f67f0b75-a54c-48ab-b91d-4ab23574839c,05Ran@2,str,['BUYER'],-1,False
257,"BUYER, 05Ran@2 agreed on {'time': 32, 'quantity': 2, 'unit_price': 36} [id 8299389a-9b12-4840-b419-464a41d5eec8]",8299389a-9b12-4840-b419-464a41d5eec8,product,1.0,77978f35-e19a-42c0-a2c9-3a9171b59596,05Ran@2,str,['BUYER'],-1,False
258,"BUYER, 05Ran@2 agreed on {'time': 32, 'quantity': 1, 'unit_price': 36} [id 361e0954-2c8d-4190-bcd8-f205c8c115d5]",361e0954-2c8d-4190-bcd8-f205c8c115d5,product,1.0,3904483b-c1b0-4fc6-b2bd-0af0875e720a,05Ran@2,str,['BUYER'],-1,False
259,"BUYER, 05Ran@2 agreed on {'time': 32, 'quantity': 4, 'unit_price': 36} [id d8c6bb67-814b-4dbc-9f71-1fba96959db4]",d8c6bb67-814b-4dbc-9f71-1fba96959db4,product,1.0,408df274-c60b-4369-9901-dcc887b9b283,05Ran@2,str,['BUYER'],-1,False
260,"02Dec@1, 04Ind@2 agreed on {'quantity': 5, 'time': 33, 'unit_price': 38} [id 32a3305f-966f-468c-bb1f-28e43a7ec764]",32a3305f-966f-468c-bb1f-28e43a7ec764,product,1.0,5119ef39-eb63-4e91-bce3-d847c6e5b81a,02Dec@1,str,['04Ind@2'],-1,False
261,"05Ran@2, 03Buy@1 agreed on {'quantity': 10, 'time': 33, 'unit_price': 22} [id 0f9d11d5-0256-470e-94f7-1932e83fd3b3]",0f9d11d5-0256-470e-94f7-1932e83fd3b3,product,1.0,7e353978-5a84-4568-a12f-926c5ac13d55,03Buy@1,str,['05Ran@2'],-1,False
262,"BUYER, 05Ran@2 agreed on {'time': 33, 'quantity': 1, 'unit_price': 36} [id 4799eaa1-11f3-4d34-a20b-3910b7e6bf1c]",4799eaa1-11f3-4d34-a20b-3910b7e6bf1c,product,1.0,50e0e6b3-547f-4e1b-82d2-4a802d4e5611,05Ran@2,str,['BUYER'],-1,False
263,"BUYER, 05Ran@2 agreed on {'time': 33, 'quantity': 4, 'unit_price': 36} [id 71df3570-014c-4dc2-a313-225daf595df5]",71df3570-014c-4dc2-a313-225daf595df5,product,1.0,d10e7e41-df3b-4def-abe0-837e20c89484,05Ran@2,str,['BUYER'],-1,False
264,"BUYER, 05Ran@2 agreed on {'time': 33, 'quantity': 5, 'unit_price': 36} [id 680a9392-5cf7-4d4a-b502-02c28eb532b4]",680a9392-5cf7-4d4a-b502-02c28eb532b4,product,1.0,9d0ba50b-0a99-4ebe-a4b0-4af88c79e16f,05Ran@2,str,['BUYER'],-1,False
265,"BUYER, 05Ran@2 agreed on {'time': 33, 'quantity': 3, 'unit_price': 36} [id 101a6de6-4a52-4e13-af85-bbf53b445b1d]",101a6de6-4a52-4e13-af85-bbf53b445b1d,product,1.0,cff9e875-21f8-4f49-b1b1-40a7d5c02ec9,05Ran@2,str,['BUYER'],-1,False
266,"02Dec@1, 01Ran@0 agreed on {'quantity': 2, 'time': 34, 'unit_price': 8} [id c95f9af1-829a-4ad3-8b07-aec26ebf06d4]",c95f9af1-829a-4ad3-8b07-aec26ebf06d4,product,1.0,4c3b5543-3b2e-465e-b48b-ab4b3b5d0da5,01Ran@0,str,['02Dec@1'],-1,False
267,"02Dec@1, 01Ran@0 agreed on {'quantity': 5, 'time': 34, 'unit_price': 2} [id e2cd1f15-82c4-47c9-bc13-60deb95acb07]",e2cd1f15-82c4-47c9-bc13-60deb95acb07,product,1.0,5dd2e64b-9904-45e3-ab7c-8226485ccbf0,01Ran@0,str,['02Dec@1'],-1,False
268,"BUYER, 05Ran@2 agreed on {'time': 34, 'quantity': 2, 'unit_price': 36} [id ed732b69-a0c0-4ce7-bedf-fdec02635b04]",ed732b69-a0c0-4ce7-bedf-fdec02635b04,product,1.0,387b538b-3ded-4cc1-88d5-b40eba6e3dde,05Ran@2,str,['BUYER'],-1,False
269,"BUYER, 04Ind@2 agreed on {'time': 34, 'quantity': 5, 'unit_price': 36} [id 54da6f63-1de8-4d77-b822-62d8c80caa54]",54da6f63-1de8-4d77-b822-62d8c80caa54,product,0.2,76a9bcdf-e911-42f3-9d6c-eedc700d66a8,04Ind@2,str,['BUYER'],-1,False
270,"BUYER, 05Ran@2 agreed on {'time': 34, 'quantity': 3, 'unit_price': 36} [id d88b97f6-5a52-4b83-aa96-0132b6dd505a]",d88b97f6-5a52-4b83-aa96-0132b6dd505a,product,1.0,7036d87e-cf4d-427d-acfa-820875c195da,05Ran@2,str,['BUYER'],-1,False
271,"BUYER, 04Ind@2 agreed on {'time': 34, 'quantity': 1, 'unit_price': 36} [id cc9faf42-045e-42c1-ab66-f19c53428606]",cc9faf42-045e-42c1-ab66-f19c53428606,product,1.0,0bfaf612-eb43-459a-a7db-504661d8d072,04Ind@2,str,['BUYER'],-1,False
272,"02Dec@1, 01Ran@0 agreed on {'quantity': 4, 'time': 35, 'unit_price': 1} [id 1a18f017-39ef-41c3-b865-313bb68df10c]",1a18f017-39ef-41c3-b865-313bb68df10c,product,1.0,b1cc6e20-e3bc-43d7-8569-a947a0f3a8db,01Ran@0,str,['02Dec@1'],-1,False
273,"BUYER, 05Ran@2 agreed on {'time': 35, 'quantity': 1, 'unit_price': 36} [id 991fe4ab-01a0-4046-8d16-f1283fa8d6cf]",991fe4ab-01a0-4046-8d16-f1283fa8d6cf,product,1.0,52ec78b1-305d-4ca2-82c7-d9662ba27ff4,05Ran@2,str,['BUYER'],-1,False
274,"BUYER, 05Ran@2 agreed on {'time': 35, 'quantity': 2, 'unit_price': 36} [id cd2c2fdb-faa6-4e89-bfe0-efa3ce56f41c]",cd2c2fdb-faa6-4e89-bfe0-efa3ce56f41c,product,1.0,02070dc0-6402-48ed-a47c-c6d768c9dcf9,05Ran@2,str,['BUYER'],-1,False
275,"BUYER, 05Ran@2 agreed on {'time': 35, 'quantity': 4, 'unit_price': 36} [id c340d1de-43d4-4ff0-9286-e0ea9a6802a8]",c340d1de-43d4-4ff0-9286-e0ea9a6802a8,product,1.0,28ca322f-7a61-4227-b1ac-0125ef5f0d27,05Ran@2,str,['BUYER'],-1,False
276,"BUYER, 05Ran@2 agreed on {'time': 35, 'quantity': 4, 'unit_price': 36} [id 715d7410-4aeb-482f-8937-f90f846f0f0f]",715d7410-4aeb-482f-8937-f90f846f0f0f,product,1.0,5a1fa468-9481-4fc3-8d1e-fad89585d36b,05Ran@2,str,['BUYER'],-1,False
277,"05Ran@2, 03Buy@1 agreed on {'quantity': 1, 'time': 36, 'unit_price': 26} [id d7189d3b-53d4-4e83-86e1-c59156397f98]",d7189d3b-53d4-4e83-86e1-c59156397f98,product,1.0,46e8c6df-15d2-42be-b646-4037c3731c94,03Buy@1,str,['05Ran@2'],-1,False
278,"05Ran@2, 03Buy@1 agreed on {'quantity': 5, 'time': 36, 'unit_price': 23} [id 41d2bdf3-e540-4c6b-b1ae-f42f24442e34]",41d2bdf3-e540-4c6b-b1ae-f42f24442e34,product,1.0,4353a5c4-5c0b-4883-b205-5c341aad17ad,03Buy@1,str,['05Ran@2'],-1,False
279,"BUYER, 05Ran@2 agreed on {'time': 36, 'quantity': 3, 'unit_price': 36} [id fb2b06ca-7e5e-4b09-8bd9-f8854b565ac1]",fb2b06ca-7e5e-4b09-8bd9-f8854b565ac1,product,1.0,9db69481-4fa9-430d-80e1-cc87b7f2defb,05Ran@2,str,['BUYER'],-1,False
280,"BUYER, 05Ran@2 agreed on {'time': 36, 'quantity': 2, 'unit_price': 36} [id 30699748-d814-4279-9642-373180c0b359]",30699748-d814-4279-9642-373180c0b359,product,1.0,4a460ebd-5f17-4673-9217-c50ad9ac6ff4,05Ran@2,str,['BUYER'],-1,False
281,"BUYER, 05Ran@2 agreed on {'time': 36, 'quantity': 3, 'unit_price': 36} [id 7bba6066-0b8b-4127-ae8a-5910ee1174d4]",7bba6066-0b8b-4127-ae8a-5910ee1174d4,product,1.0,21a87ce0-4746-4533-958b-32d0194dd14e,05Ran@2,str,['BUYER'],-1,False
282,"02Dec@1, 04Ind@2 agreed on {'quantity': 5, 'time': 37, 'unit_price': 38} [id 935897a6-9abe-4cf6-88fa-b03aadbd0fe9]",935897a6-9abe-4cf6-88fa-b03aadbd0fe9,product,0.8,6c1d5aae-28be-4522-a0ad-14de915ed980,02Dec@1,str,['04Ind@2'],-1,False
283,"BUYER, 05Ran@2 agreed on {'time': 37, 'quantity': 2, 'unit_price': 36} [id fdbff93a-06cb-4dde-a73a-d94aee420a22]",fdbff93a-06cb-4dde-a73a-d94aee420a22,product,1.0,db1d26c5-2e55-4085-9982-188448fd11f2,05Ran@2,str,['BUYER'],-1,False
284,"BUYER, 05Ran@2 agreed on {'time': 37, 'quantity': 4, 'unit_price': 36} [id 8edb9969-e5b1-46a0-9bbf-d11c652f98a0]",8edb9969-e5b1-46a0-9bbf-d11c652f98a0,product,1.0,e7f2375f-4bee-4a11-a96e-0e204373a1f3,05Ran@2,str,['BUYER'],-1,False
285,"BUYER, 05Ran@2 agreed on {'time': 37, 'quantity': 3, 'unit_price': 36} [id d751818c-57cd-45c6-93d2-bdfb13affc32]",d751818c-57cd-45c6-93d2-bdfb13affc32,product,1.0,7cdc431e-1c77-46e7-9ea3-47b7e4523c4b,05Ran@2,str,['BUYER'],-1,False
286,"BUYER, 05Ran@2 agreed on {'time': 37, 'quantity': 3, 'unit_price': 36} [id 64d26fcd-02b7-4bc8-9c6d-4c6b5fe571ef]",64d26fcd-02b7-4bc8-9c6d-4c6b5fe571ef,product,1.0,f8cafee2-c188-4b04-90ea-1a8e90d1686a,05Ran@2,str,['BUYER'],-1,False
287,"BUYER, 05Ran@2 agreed on {'time': 37, 'quantity': 1, 'unit_price': 36} [id 03352ca8-864e-4a14-8faa-1b292568f43e]",03352ca8-864e-4a14-8faa-1b292568f43e,product,1.0,e8397702-facd-4430-9072-a1a7628ed55e,05Ran@2,str,['BUYER'],-1,False
288,"02Dec@1, 01Ran@0 agreed on {'quantity': 2, 'time': 38, 'unit_price': 8} [id 5cf9224a-960e-4b8c-aef8-e285e849f29b]",5cf9224a-960e-4b8c-aef8-e285e849f29b,product,1.0,303da71d-6695-48dd-af69-e18f09dee0ab,01Ran@0,str,['02Dec@1'],-1,False
289,"02Dec@1, 01Ran@0 agreed on {'quantity': 1, 'time': 38, 'unit_price': 3} [id db333eef-32b3-4e8f-b883-8861745f4940]",db333eef-32b3-4e8f-b883-8861745f4940,product,1.0,47aff4b1-bcbe-47d3-9de9-961d813e5936,01Ran@0,str,['02Dec@1'],-1,False
290,"02Dec@1, 05Ran@2 agreed on {'quantity': 3, 'time': 38, 'unit_price': 48} [id 1f144211-ef61-4e29-8a6a-bf336dbab8a4]",1f144211-ef61-4e29-8a6a-bf336dbab8a4,product,1.0,d270f9b0-c8e5-4bf4-91b5-10e21ca45d5c,02Dec@1,str,['05Ran@2'],-1,False
291,"05Ran@2, 03Buy@1 agreed on {'quantity': 11, 'time': 38, 'unit_price': 25} [id 577db484-79a6-4cdb-bf75-9c65c67b0673]",577db484-79a6-4cdb-bf75-9c65c67b0673,product,1.0,b4544616-ec17-4ead-8173-f8d66027ec66,03Buy@1,str,['05Ran@2'],-1,False
292,"BUYER, 05Ran@2 agreed on {'time': 38, 'quantity': 1, 'unit_price': 36} [id aa30a515-854e-455a-ab6c-ce3f8e1a3782]",aa30a515-854e-455a-ab6c-ce3f8e1a3782,product,1.0,ee567539-dc09-45df-afba-6c579d7ffc9d,05Ran@2,str,['BUYER'],-1,False
293,"BUYER, 05Ran@2 agreed on {'time': 38, 'quantity': 1, 'unit_price': 36} [id 5210182a-a9e9-4681-9395-a4aebfec291a]",5210182a-a9e9-4681-9395-a4aebfec291a,product,1.0,c33f4172-e78c-41a4-9399-ad1bbfc5079c,05Ran@2,str,['BUYER'],-1,False
294,"BUYER, 05Ran@2 agreed on {'time': 38, 'quantity': 3, 'unit_price': 36} [id db31efb1-b436-4693-8aec-e8ac369d18d4]",db31efb1-b436-4693-8aec-e8ac369d18d4,product,1.0,a3f6ceb8-74a7-4f05-b925-dbb16228834d,05Ran@2,str,['BUYER'],-1,False
295,"BUYER, 05Ran@2 agreed on {'time': 38, 'quantity': 5, 'unit_price': 36} [id 3898301f-a029-4e2a-a68f-dfd44f822e1e]",3898301f-a029-4e2a-a68f-dfd44f822e1e,product,1.0,6187d774-fa8f-4aa8-9500-0a1bc9c0eb88,05Ran@2,str,['BUYER'],-1,False
296,"02Dec@1, 01Ran@0 agreed on {'quantity': 5, 'time': 39, 'unit_price': 1} [id feff803e-c9b7-49e0-ac79-9a87dba60b3d]",feff803e-c9b7-49e0-ac79-9a87dba60b3d,product,1.0,89ee33e2-990d-4d0b-8b74-a5bf71265756,01Ran@0,str,['02Dec@1'],-1,False
297,"02Dec@1, 04Ind@2 agreed on {'quantity': 5, 'time': 39, 'unit_price': 38} [id a20c8209-ac71-49a4-ab2f-e1977d5bc375]",a20c8209-ac71-49a4-ab2f-e1977d5bc375,product,0.4,827ec89e-6497-4071-bbbc-a71477cbe13d,02Dec@1,str,['04Ind@2'],-1,False
298,"02Dec@1, 05Ran@2 agreed on {'quantity': 5, 'time': 39, 'unit_price': 51} [id f3664f26-3ac4-48e8-8775-4fb3753894d1]",f3664f26-3ac4-48e8-8775-4fb3753894d1,product,1.0,5fb96b8f-8ffd-4cdc-bc25-fa41239186b5,02Dec@1,str,['05Ran@2'],-1,False
299,"05Ran@2, 03Buy@1 agreed on {'quantity': 3, 'time': 39, 'unit_price': 26} [id 2b8ddd75-ffc7-479f-8f72-b9c0b1b0557e]",2b8ddd75-ffc7-479f-8f72-b9c0b1b0557e,product,1.0,debc0e13-4a9b-499f-a41f-cc7dc2aa8317,03Buy@1,str,['05Ran@2'],-1,False
300,"BUYER, 05Ran@2 agreed on {'time': 39, 'quantity': 2, 'unit_price': 36} [id af60b6d0-2e62-42a0-8555-dbc3bd75c3b2]",af60b6d0-2e62-42a0-8555-dbc3bd75c3b2,product,1.0,3403345a-f5a2-4d4a-a720-5621ff9e8192,05Ran@2,str,['BUYER'],-1,False
301,"BUYER, 05Ran@2 agreed on {'time': 39, 'quantity': 4, 'unit_price': 36} [id 8a749217-1f82-4574-a98a-9c6ca5394f55]",8a749217-1f82-4574-a98a-9c6ca5394f55,product,1.0,1cd6ba15-a30a-48c9-8db3-636abc7ecab7,05Ran@2,str,['BUYER'],-1,False
302,"BUYER, 05Ran@2 agreed on {'time': 39, 'quantity': 3, 'unit_price': 36} [id 3a2db211-8934-4e38-be54-411a6f6768ac]",3a2db211-8934-4e38-be54-411a6f6768ac,product,1.0,21a3b2db-1b5a-4ff2-ada6-e1c6ff658919,05Ran@2,str,['BUYER'],-1,False
303,"BUYER, 05Ran@2 agreed on {'time': 39, 'quantity': 4, 'unit_price': 36} [id 2645d396-54c0-4332-85f6-aec2edb53107]",2645d396-54c0-4332-85f6-aec2edb53107,product,1.0,1f04d7a8-5c47-4d19-8a15-9679d7683dce,05Ran@2,str,['BUYER'],-1,False
304,"BUYER, 05Ran@2 agreed on {'time': 39, 'quantity': 1, 'unit_price': 36} [id cbf6f0d7-3558-457b-9924-fe3940ac5b87]",cbf6f0d7-3558-457b-9924-fe3940ac5b87,product,1.0,ef71b7f3-249a-4751-9196-349bdfb3c94a,05Ran@2,str,['BUYER'],-1,False
305,"02Dec@1, 01Ran@0 agreed on {'quantity': 5, 'time': 40, 'unit_price': 1} [id 55a41139-c632-4cc1-ab05-c48f366d4af8]",55a41139-c632-4cc1-ab05-c48f366d4af8,product,1.0,fc42521d-0e66-42a1-abe5-1db21958fc6e,01Ran@0,str,['02Dec@1'],-1,False
306,"02Dec@1, 05Ran@2 agreed on {'quantity': 1, 'time': 40, 'unit_price': 51} [id 1d16567c-a74b-4442-b84d-fba738d44cd0]",1d16567c-a74b-4442-b84d-fba738d44cd0,product,1.0,a4f6d23c-714f-47f6-aab1-32564cb55972,02Dec@1,str,['05Ran@2'],-1,False
307,"04Ind@2, 03Buy@1 agreed on {'quantity': 7, 'time': 40, 'unit_price': 14} [id f9a664da-5b23-4b5b-ba4e-2463edb7002b]",f9a664da-5b23-4b5b-ba4e-2463edb7002b,product,1.0,0ee3550a-1c98-437c-bcd0-c43ef3e771c8,03Buy@1,str,['04Ind@2'],-1,False
308,"05Ran@2, 03Buy@1 agreed on {'quantity': 8, 'time': 40, 'unit_price': 25} [id 3dc375f2-d5d2-4035-b0cc-f3910618adb7]",3dc375f2-d5d2-4035-b0cc-f3910618adb7,product,1.0,1863dde9-fb1b-4650-bb69-fc9ee254bd53,03Buy@1,str,['05Ran@2'],-1,False
309,"BUYER, 05Ran@2 agreed on {'time': 40, 'quantity': 6, 'unit_price': 36} [id 5fc2b0ac-2677-44b8-94b9-6b2f6f5f29f5]",5fc2b0ac-2677-44b8-94b9-6b2f6f5f29f5,product,1.0,cdd83309-1469-4147-97d6-527ee2bba78e,05Ran@2,str,['BUYER'],-1,False
310,"BUYER, 05Ran@2 agreed on {'time': 40, 'quantity': 1, 'unit_price': 36} [id 77d9904a-ea3c-40b0-b6a2-81a1f3f9737a]",77d9904a-ea3c-40b0-b6a2-81a1f3f9737a,product,1.0,c6af3cb6-2bea-41e7-b082-587cb141028f,05Ran@2,str,['BUYER'],-1,False
311,"BUYER, 05Ran@2 agreed on {'time': 40, 'quantity': 1, 'unit_price': 36} [id 609e0f44-7536-4b45-a7f0-2a18c07f294c]",609e0f44-7536-4b45-a7f0-2a18c07f294c,product,1.0,a2a4bc5b-07c5-4d6b-b7de-20f81a77b742,05Ran@2,str,['BUYER'],-1,False
312,"BUYER, 05Ran@2 agreed on {'time': 40, 'quantity': 3, 'unit_price': 36} [id 55d85ed9-0da5-4f8a-b3e5-f49a4eccecdd]",55d85ed9-0da5-4f8a-b3e5-f49a4eccecdd,product,1.0,5ed4e4f6-d074-4014-b7e8-655031605a56,05Ran@2,str,['BUYER'],-1,False
313,"BUYER, 05Ran@2 agreed on {'time': 40, 'quantity': 2, 'unit_price': 36} [id b17e8be0-2d78-4e9e-907d-f3a7a7370483]",b17e8be0-2d78-4e9e-907d-f3a7a7370483,product,1.0,84d75c2b-5c9e-40b2-8953-d9a99564b08a,05Ran@2,str,['BUYER'],-1,False
314,"04Ind@2, 03Buy@1 agreed on {'quantity': 7, 'time': 41, 'unit_price': 14} [id 774aa41c-fdf5-4d61-aeea-e0f9dc3ea9cf]",774aa41c-fdf5-4d61-aeea-e0f9dc3ea9cf,product,1.0,42c6b49c-a4c0-4228-8196-bbcd641a71fb,03Buy@1,str,['04Ind@2'],-1,False
315,"05Ran@2, 03Buy@1 agreed on {'quantity': 3, 'time': 41, 'unit_price': 26} [id 7615be96-f53f-4fd8-a519-6de40e0738cd]",7615be96-f53f-4fd8-a519-6de40e0738cd,product,1.0,2e691de6-b102-452a-b2c4-f8a15d4d8178,03Buy@1,str,['05Ran@2'],-1,False
316,"BUYER, 05Ran@2 agreed on {'time': 41, 'quantity': 3, 'unit_price': 36} [id ff166b8a-b614-42f9-94b7-c64a2214d643]",ff166b8a-b614-42f9-94b7-c64a2214d643,product,1.0,5c902d7b-8ab6-4fe2-b8ab-954f5708b7f2,05Ran@2,str,['BUYER'],-1,False
317,"BUYER, 05Ran@2 agreed on {'time': 41, 'quantity': 2, 'unit_price': 36} [id 72672c19-b122-4e98-ad63-89b7c1320961]",72672c19-b122-4e98-ad63-89b7c1320961,product,1.0,24b68897-5116-4ef9-b04d-fb1d1bd9abe9,05Ran@2,str,['BUYER'],-1,False
318,"02Dec@1, 01Ran@0 agreed on {'quantity': 3, 'time': 42, 'unit_price': 3} [id ad5bab2b-dbf7-44b1-bd06-63bd69af03c3]",ad5bab2b-dbf7-44b1-bd06-63bd69af03c3,product,1.0,e1343516-2d42-4602-b840-7be9ff6c39c0,01Ran@0,str,['02Dec@1'],-1,False
319,"04Ind@2, 03Buy@1 agreed on {'quantity': 6, 'time': 42, 'unit_price': 14} [id b770198a-5e67-49dd-b3f6-d0d3cf90f321]",b770198a-5e67-49dd-b3f6-d0d3cf90f321,product,1.0,41f3fbf5-10e2-4ff8-a672-26c0e0264c5a,03Buy@1,str,['04Ind@2'],-1,False
320,"05Ran@2, 03Buy@1 agreed on {'quantity': 4, 'time': 42, 'unit_price': 26} [id 4add146b-4b6e-42b3-9bbf-2fd4543d1864]",4add146b-4b6e-42b3-9bbf-2fd4543d1864,product,1.0,d0b9ab55-74a0-47eb-86b2-e2d74b47db11,03Buy@1,str,['05Ran@2'],-1,False
321,"BUYER, 05Ran@2 agreed on {'time': 42, 'quantity': 3, 'unit_price': 36} [id 50e07829-8cd3-4716-af9e-dc016d7cb1fb]",50e07829-8cd3-4716-af9e-dc016d7cb1fb,product,1.0,a7e33b0a-292b-463f-bcc6-ddd4d0cd8070,05Ran@2,str,['BUYER'],-1,False
322,"BUYER, 05Ran@2 agreed on {'time': 42, 'quantity': 2, 'unit_price': 36} [id d278dbaa-eec5-40af-9aae-6fd16d5cb130]",d278dbaa-eec5-40af-9aae-6fd16d5cb130,product,1.0,94cdab61-efa4-4308-811e-988a5c1ad772,05Ran@2,str,['BUYER'],-1,False
323,"BUYER, 05Ran@2 agreed on {'time': 42, 'quantity': 3, 'unit_price': 36} [id 1d8eaa0d-ca97-42c5-bf08-c4545aada7c1]",1d8eaa0d-ca97-42c5-bf08-c4545aada7c1,product,1.0,d400c971-92ba-4035-a24f-4e0659ec65bc,05Ran@2,str,['BUYER'],-1,False
324,"BUYER, 05Ran@2 agreed on {'time': 42, 'quantity': 1, 'unit_price': 36} [id 3c45da60-b1ae-43ac-b21a-0f1eaaaf3143]",3c45da60-b1ae-43ac-b21a-0f1eaaaf3143,product,1.0,c158a10e-f21c-465f-a33e-a3451094e448,05Ran@2,str,['BUYER'],-1,False
325,"02Dec@1, 01Ran@0 agreed on {'quantity': 1, 'time': 43, 'unit_price': 1} [id e67de839-7128-4e3e-a59b-edc09c916324]",e67de839-7128-4e3e-a59b-edc09c916324,product,1.0,e6e83cff-9f60-4a1c-8078-f6dfaa664558,01Ran@0,str,['02Dec@1'],-1,False
326,"05Ran@2, 03Buy@1 agreed on {'quantity': 5, 'time': 43, 'unit_price': 25} [id c4265d3f-f96c-4691-8cb1-8c0f4b9ef6bb]",c4265d3f-f96c-4691-8cb1-8c0f4b9ef6bb,product,1.0,b3529c41-04ba-4d72-b342-7c3c75079412,03Buy@1,str,['05Ran@2'],-1,False
327,"BUYER, 05Ran@2 agreed on {'time': 43, 'quantity': 3, 'unit_price': 36} [id 011402c6-64a9-4be0-b178-a367aa4fcc42]",011402c6-64a9-4be0-b178-a367aa4fcc42,product,1.0,c05cce7d-279c-4999-944a-5e532f0ec73c,05Ran@2,str,['BUYER'],-1,False
328,"BUYER, 05Ran@2 agreed on {'time': 43, 'quantity': 2, 'unit_price': 36} [id cc01c41d-c7f1-4243-8fb6-2e5f9c686d8d]",cc01c41d-c7f1-4243-8fb6-2e5f9c686d8d,product,1.0,45a17e57-e50f-4bd5-ad4d-e6d45b73ec39,05Ran@2,str,['BUYER'],-1,False
329,"BUYER, 05Ran@2 agreed on {'time': 43, 'quantity': 1, 'unit_price': 36} [id 35d5ec7d-269a-4be8-8ee0-2dfd468eafbc]",35d5ec7d-269a-4be8-8ee0-2dfd468eafbc,product,1.0,c2e8be8e-43ef-4dfa-bdd1-077708ca2d56,05Ran@2,str,['BUYER'],-1,False
330,"BUYER, 05Ran@2 agreed on {'time': 43, 'quantity': 4, 'unit_price': 36} [id 859c8105-2308-4afe-8c4c-00a984655d76]",859c8105-2308-4afe-8c4c-00a984655d76,product,1.0,1fceaca2-ff28-4643-8ded-c44be98f841a,05Ran@2,str,['BUYER'],-1,False
331,"BUYER, 05Ran@2 agreed on {'time': 43, 'quantity': 2, 'unit_price': 36} [id 97bddf46-c108-4402-9f76-d74a764a059d]",97bddf46-c108-4402-9f76-d74a764a059d,product,1.0,115cba84-276b-4899-95cb-6f5f1df0d4ff,05Ran@2,str,['BUYER'],-1,False
332,"02Dec@1, 01Ran@0 agreed on {'quantity': 4, 'time': 44, 'unit_price': 3} [id 0c4e7a1c-9c60-4950-b621-237448835ddc]",0c4e7a1c-9c60-4950-b621-237448835ddc,product,1.0,a42544d0-ab99-4597-8581-451746aa6466,01Ran@0,str,['02Dec@1'],-1,False
333,"02Dec@1, 01Ran@0 agreed on {'quantity': 5, 'time': 44, 'unit_price': 1} [id 681103db-89e5-4ceb-9a80-2c7b59e41249]",681103db-89e5-4ceb-9a80-2c7b59e41249,product,1.0,530b6611-7118-4ff6-8ecc-966ca6e5dc29,01Ran@0,str,['02Dec@1'],-1,False
334,"02Dec@1, 04Ind@2 agreed on {'quantity': 5, 'time': 44, 'unit_price': 40} [id ff0b6707-3648-4ed9-9498-f788f2a0d525]",ff0b6707-3648-4ed9-9498-f788f2a0d525,product,0.2,7e049d12-f1df-4588-a52b-ea8fd28e8495,02Dec@1,str,['04Ind@2'],-1,False
335,"BUYER, 05Ran@2 agreed on {'time': 44, 'quantity': 2, 'unit_price': 36} [id c242bced-da37-41e8-99b2-ea1a7baed87e]",c242bced-da37-41e8-99b2-ea1a7baed87e,product,1.0,f5095f8d-2fd2-4975-998d-13b2b6ff727c,05Ran@2,str,['BUYER'],-1,False
336,"BUYER, 05Ran@2 agreed on {'time': 44, 'quantity': 3, 'unit_price': 36} [id 360fb65d-9ac9-419f-b64f-7d3f126ec2e5]",360fb65d-9ac9-419f-b64f-7d3f126ec2e5,product,1.0,ee0d4bb9-4770-446b-bfbd-e0b142a6a603,05Ran@2,str,['BUYER'],-1,False
337,"BUYER, 05Ran@2 agreed on {'time': 44, 'quantity': 3, 'unit_price': 36} [id a9e1d050-1a17-4a88-8ff4-6f9820339a3e]",a9e1d050-1a17-4a88-8ff4-6f9820339a3e,product,1.0,743d6c15-ee0b-4890-b625-fc5de901dc9d,05Ran@2,str,['BUYER'],-1,False
338,"BUYER, 05Ran@2 agreed on {'time': 44, 'quantity': 3, 'unit_price': 36} [id 5008e6a0-b5c1-4d11-a56a-6d90fac511ef]",5008e6a0-b5c1-4d11-a56a-6d90fac511ef,product,1.0,6685d8ee-9bb0-4c81-b1da-a2598aa26be0,05Ran@2,str,['BUYER'],-1,False
339,"BUYER, 05Ran@2 agreed on {'time': 44, 'quantity': 2, 'unit_price': 36} [id 24337664-60ea-4c8d-8c1d-02948b12c90b]",24337664-60ea-4c8d-8c1d-02948b12c90b,product,1.0,8572ef58-4853-4088-91cd-bf41e35f3ff7,05Ran@2,str,['BUYER'],-1,False
340,"02Dec@1, 01Ran@0 agreed on {'quantity': 1, 'time': 45, 'unit_price': 1} [id 997df850-20d9-458a-81a4-3abe2c94387a]",997df850-20d9-458a-81a4-3abe2c94387a,product,1.0,ae091ca6-6089-4dd2-8eb3-b5f707f4dcc8,01Ran@0,str,['02Dec@1'],-1,False
341,"04Ind@2, 03Buy@1 agreed on {'quantity': 7, 'time': 45, 'unit_price': 14} [id 78440691-1b4b-45c5-b8b5-0c9fe03325a3]",78440691-1b4b-45c5-b8b5-0c9fe03325a3,product,1.0,98bdb43e-d08e-4bf4-b8bd-63fdc6259777,03Buy@1,str,['04Ind@2'],-1,False
342,"BUYER, 05Ran@2 agreed on {'time': 45, 'quantity': 2, 'unit_price': 36} [id 07d442e2-fe13-4020-b68a-cedf92b7dfbf]",07d442e2-fe13-4020-b68a-cedf92b7dfbf,product,1.0,cd1d0667-9d5a-43c7-87f7-5cea83c1676e,05Ran@2,str,['BUYER'],-1,False
343,"BUYER, 05Ran@2 agreed on {'time': 45, 'quantity': 6, 'unit_price': 36} [id 2af72248-8d85-4956-91df-99dbf298f067]",2af72248-8d85-4956-91df-99dbf298f067,product,1.0,9444c738-3070-48bd-89a4-5e0a2f02522f,05Ran@2,str,['BUYER'],-1,False
344,"BUYER, 05Ran@2 agreed on {'time': 45, 'quantity': 1, 'unit_price': 36} [id 41d7d288-8f94-4b12-9da5-f5795a97c318]",41d7d288-8f94-4b12-9da5-f5795a97c318,product,1.0,2180e83b-2fb9-4014-ae0e-4dddd368088b,05Ran@2,str,['BUYER'],-1,False
345,"BUYER, 05Ran@2 agreed on {'time': 45, 'quantity': 2, 'unit_price': 36} [id bb5eb14f-ceac-41e3-aa78-cc7bfa0f0941]",bb5eb14f-ceac-41e3-aa78-cc7bfa0f0941,product,1.0,de5d6066-bf23-417d-97c2-4f8d2298da9c,05Ran@2,str,['BUYER'],-1,False
346,"02Dec@1, 01Ran@0 agreed on {'quantity': 3, 'time': 46, 'unit_price': 3} [id 11c7d237-c482-41eb-b4c1-4fc634d8837b]",11c7d237-c482-41eb-b4c1-4fc634d8837b,product,1.0,805456b3-b744-4600-bca9-156c44cdf9fd,01Ran@0,str,['02Dec@1'],-1,False
347,"05Ran@2, 03Buy@1 agreed on {'quantity': 14, 'time': 46, 'unit_price': 25} [id 8bf5e939-19f5-4d80-80d2-5886c5efc278]",8bf5e939-19f5-4d80-80d2-5886c5efc278,product,1.0,ca8ac524-8b65-4db3-932e-9758ae6899c8,03Buy@1,str,['05Ran@2'],-1,False
348,"BUYER, 05Ran@2 agreed on {'time': 46, 'quantity': 1, 'unit_price': 36} [id 0aece01a-5044-4992-927e-d33eef03e219]",0aece01a-5044-4992-927e-d33eef03e219,product,1.0,fc9151e3-f4a1-4d5b-9282-b2a707159968,05Ran@2,str,['BUYER'],-1,False
349,"BUYER, 05Ran@2 agreed on {'time': 46, 'quantity': 1, 'unit_price': 36} [id 7f20a3f8-2f5a-4364-90e1-c2fac8d6ca3e]",7f20a3f8-2f5a-4364-90e1-c2fac8d6ca3e,product,1.0,39154f20-c581-4a0a-8920-91fb13eb5df2,05Ran@2,str,['BUYER'],-1,False
350,"BUYER, 05Ran@2 agreed on {'time': 46, 'quantity': 3, 'unit_price': 36} [id 0ca46eb5-2fc7-4352-b266-5b6a12f24430]",0ca46eb5-2fc7-4352-b266-5b6a12f24430,product,1.0,db3e8afe-c166-4004-9468-ca9a4906021e,05Ran@2,str,['BUYER'],-1,False
351,"BUYER, 05Ran@2 agreed on {'time': 46, 'quantity': 4, 'unit_price': 36} [id e0a479c7-9f93-49ea-943e-3d2c8346c523]",e0a479c7-9f93-49ea-943e-3d2c8346c523,product,1.0,1133802c-d74c-4714-b000-724fa7927b7c,05Ran@2,str,['BUYER'],-1,False
352,"05Ran@2, 03Buy@1 agreed on {'quantity': 7, 'time': 47, 'unit_price': 24} [id 4496e54c-0bcf-40bc-8e15-d7cf63693530]",4496e54c-0bcf-40bc-8e15-d7cf63693530,product,1.0,bab88f9a-cdd2-4ccc-9456-7b0a50aa7407,03Buy@1,str,['05Ran@2'],-1,False
353,"04Ind@2, 03Buy@1 agreed on {'quantity': 7, 'time': 47, 'unit_price': 14} [id c76f5c94-3378-42e9-b7dc-5e056a8fd32d]",c76f5c94-3378-42e9-b7dc-5e056a8fd32d,product,1.0,3e8634f7-c3d9-4891-8628-38a240ef0b29,03Buy@1,str,['04Ind@2'],-1,False
354,"BUYER, 05Ran@2 agreed on {'time': 47, 'quantity': 3, 'unit_price': 36} [id ef47e69e-3eb0-4eaa-9ee5-d130abaf6e6d]",ef47e69e-3eb0-4eaa-9ee5-d130abaf6e6d,product,1.0,6747ee41-3b15-403c-aa1a-c58ef91a417b,05Ran@2,str,['BUYER'],-1,False
355,"BUYER, 05Ran@2 agreed on {'time': 47, 'quantity': 2, 'unit_price': 36} [id 229b87b8-bdef-49b5-9361-686edc2ea648]",229b87b8-bdef-49b5-9361-686edc2ea648,product,1.0,fa918c7e-ae52-4ef9-9cc6-22c3b20259f8,05Ran@2,str,['BUYER'],-1,False
356,"BUYER, 05Ran@2 agreed on {'time': 47, 'quantity': 1, 'unit_price': 36} [id 4995a47e-0f2e-47ff-8704-a3bfd4edf157]",4995a47e-0f2e-47ff-8704-a3bfd4edf157,product,1.0,bd656764-3610-41f9-ba72-4d1e690437bc,05Ran@2,str,['BUYER'],-1,False
357,"BUYER, 04Ind@2 agreed on {'time': 47, 'quantity': 3, 'unit_price': 36} [id 253986eb-7962-4e18-9ecb-88f047d4b725]",253986eb-7962-4e18-9ecb-88f047d4b725,product,0.6666666666666666,a7e1498d-d69d-4686-9a05-e81b9b1c0e7e,04Ind@2,str,['BUYER'],-1,False
358,"BUYER, 05Ran@2 agreed on {'time': 47, 'quantity': 3, 'unit_price': 36} [id 47799c93-6e10-4344-843f-724af5e72529]",47799c93-6e10-4344-843f-724af5e72529,product,1.0,f0e433a7-d3b9-41e1-87f2-ff2c47f90d1a,05Ran@2,str,['BUYER'],-1,False
359,"02Dec@1, 05Ran@2 agreed on {'quantity': 3, 'time': 48, 'unit_price': 51} [id 58ffc4cf-a4d3-4350-a8b6-07989c7b3dd1]",58ffc4cf-a4d3-4350-a8b6-07989c7b3dd1,product,1.0,6807b00f-07b6-4d5f-b2d5-aa69d3088169,02Dec@1,str,['05Ran@2'],-1,False
360,"BUYER, 05Ran@2 agreed on {'time': 48, 'quantity': 5, 'unit_price': 36} [id 2956f3c5-c697-4282-a37d-f1a71d3fc24c]",2956f3c5-c697-4282-a37d-f1a71d3fc24c,product,1.0,9c4b7d77-db7a-419c-ba1b-72cfbc599057,05Ran@2,str,['BUYER'],-1,False
361,"BUYER, 05Ran@2 agreed on {'time': 48, 'quantity': 3, 'unit_price': 36} [id fbec91aa-bdd5-45c2-b13b-f92f4caf97a0]",fbec91aa-bdd5-45c2-b13b-f92f4caf97a0,product,1.0,b8f2241f-84e4-4559-ad65-e2fb54997c3f,05Ran@2,str,['BUYER'],-1,False
362,"BUYER, 05Ran@2 agreed on {'time': 48, 'quantity': 2, 'unit_price': 36} [id 4f792411-9d8c-4e29-9d37-30a49edd12eb]",4f792411-9d8c-4e29-9d37-30a49edd12eb,product,1.0,d0897a6a-f67a-4b54-b77c-59ed4eadd88d,05Ran@2,str,['BUYER'],-1,False
363,"BUYER, 05Ran@2 agreed on {'time': 48, 'quantity': 2, 'unit_price': 36} [id 7e9f0ac8-3f51-4480-94ca-de9b75638c83]",7e9f0ac8-3f51-4480-94ca-de9b75638c83,product,1.0,d53c4097-9e42-4cec-a0bf-511d29ad37a1,05Ran@2,str,['BUYER'],-1,False
364,"BUYER, 05Ran@2 agreed on {'time': 48, 'quantity': 2, 'unit_price': 36} [id e34ebcf3-9c3d-4c67-946b-aefa1ac9df8f]",e34ebcf3-9c3d-4c67-946b-aefa1ac9df8f,product,1.0,710d4098-2f70-4bae-9aed-24751abdf69e,05Ran@2,str,['BUYER'],-1,False
365,"02Dec@1, 05Ran@2 agreed on {'quantity': 5, 'time': 49, 'unit_price': 41} [id 558e8cdb-d713-4020-8f8d-2303c08113bd]",558e8cdb-d713-4020-8f8d-2303c08113bd,product,1.0,a3a89b37-8287-426e-8393-29818dc16dc2,02Dec@1,str,['05Ran@2'],-1,False
366,"02Dec@1, 05Ran@2 agreed on {'quantity': 4, 'time': 49, 'unit_price': 51} [id 043c968e-28ad-40e1-b762-4da535b2c9be]",043c968e-28ad-40e1-b762-4da535b2c9be,product,1.0,beed29cb-2233-4ae3-b9fb-4046ed3cba1c,02Dec@1,str,['05Ran@2'],-1,False
367,"BUYER, 04Ind@2 agreed on {'time': 49, 'quantity': 4, 'unit_price': 36} [id 2dc5d504-e2f0-4b2d-a381-41542c77014d]",2dc5d504-e2f0-4b2d-a381-41542c77014d,product,0.5,e94c1cdf-5f69-4dde-873b-8b9821be98cb,04Ind@2,str,['BUYER'],-1,False
368,"BUYER, 05Ran@2 agreed on {'time': 49, 'quantity': 1, 'unit_price': 36} [id 77657dd0-b2f0-4f5e-8065-e7a8fd888ac5]",77657dd0-b2f0-4f5e-8065-e7a8fd888ac5,product,1.0,90ebb5da-125b-4739-b7d2-cc633919a5aa,05Ran@2,str,['BUYER'],-1,False
369,"BUYER, 04Ind@2 agreed on {'time': 49, 'quantity': 2, 'unit_price': 36} [id 9fce603b-7853-460e-9f5a-cba9f127b188]",9fce603b-7853-460e-9f5a-cba9f127b188,product,1.0,1e1aa29c-726d-4757-a446-c5ed668de4fc,04Ind@2,str,['BUYER'],-1,False
370,"BUYER, 05Ran@2 agreed on {'time': 49, 'quantity': 2, 'unit_price': 36} [id cb8a4708-f761-43b1-ad53-dce4959ac8c2]",cb8a4708-f761-43b1-ad53-dce4959ac8c2,product,1.0,bb5fd9ba-ebb9-4ca7-9d55-611f4f49323b,05Ran@2,str,['BUYER'],-1,False
371,"BUYER, 05Ran@2 agreed on {'time': 49, 'quantity': 5, 'unit_price': 36} [id e91d3788-a2da-459b-a57b-d2ab9972aa58]",e91d3788-a2da-459b-a57b-d2ab9972aa58,product,1.0,f58861d7-a9b4-4433-9ded-147a086e338d,05Ran@2,str,['BUYER'],-1,False
372,"BUYER, 05Ran@2 agreed on {'time': 49, 'quantity': 2, 'unit_price': 36} [id 93da12d3-f5ac-453a-a6f2-313f642d2e3d]",93da12d3-f5ac-453a-a6f2-313f642d2e3d,product,1.0,cbfcc3eb-520e-4e81-b132-d3bda9468daa,05Ran@2,str,['BUYER'],-1,False
373,"BUYER, 05Ran@2 agreed on {'time': 49, 'quantity': 4, 'unit_price': 36} [id dbba2b93-bdfd-4736-b018-66bb8451c2ff]",dbba2b93-bdfd-4736-b018-66bb8451c2ff,product,1.0,b5d4f14d-c12c-40a1-8d08-dce24719e414,05Ran@2,str,['BUYER'],-1,False
