index,final_status,partners,partner_types,ended_at,requested_at,mechanism_type,running,waiting,started,step,time,relative_time,broken,timedout,agreement,results,n_negotiators,has_error,error_details,current_offer,current_proposer,n_acceptances,new_offers
0,failed,"['02MyA@1', '00Ran@0']","['MyAgent', 'RandomAgent']",1,0,AgentMechanismInterface,False,False,True,12,0.6375067799817771,0.65,False,False,"(8, 1, 2)",,2,False,,"(8, 1, 2)",0e750f8c-d8da-4cd4-9b74-8c7649d6d27c,0,[]
1,failed,"['04Ind@2', '03Buy@1']","['IndDecentralizingAgent', 'BuyCheapSellExpensiveAgent']",1,0,AgentMechanismInterface,False,False,True,17,0.4864368860144168,0.9,False,False,"(5, 3, 14)",,2,False,,"(5, 3, 14)",8d64584b-5e3e-4620-ba05-eeacd06b44bd,0,"[('8d64584b-5e3e-4620-ba05-eeacd06b44bd', (5, 3, 14))]"
2,failed,"['05Dec@2', '03Buy@1']","['DecentralizingAgent', 'BuyCheapSellExpensiveAgent']",1,0,AgentMechanismInterface,False,False,True,17,0.3265233099809848,0.9,False,False,"(6, 1, 14)",,2,False,,"(6, 1, 14)",2f99df24-364c-46a5-b9db-3d861d1988af,0,"[('2f99df24-364c-46a5-b9db-3d861d1988af', (6, 1, 14))]"
3,failed,"['04Ind@2', '03Buy@1']","['IndDecentralizingAgent', 'BuyCheapSellExpensiveAgent']",1,0,AgentMechanismInterface,False,False,True,17,0.46243899600813165,0.9,False,False,"(5, 6, 15)",,2,False,,"(5, 6, 15)",f4309e10-c322-4cf8-a9bc-f9b260d635f2,0,"[('f4309e10-c322-4cf8-a9bc-f9b260d635f2', (5, 6, 15))]"
4,failed,"['04Ind@2', '03Buy@1']","['IndDecentralizingAgent', 'BuyCheapSellExpensiveAgent']",1,0,AgentMechanismInterface,False,False,True,17,0.5481719059753232,0.9,False,False,"(6, 1, 14)",,2,False,,"(6, 1, 14)",a277847d-6938-4f2f-967e-86d40cc8bf7f,0,"[('a277847d-6938-4f2f-967e-86d40cc8bf7f', (6, 1, 14))]"
5,failed,"['04Ind@2', '03Buy@1']","['IndDecentralizingAgent', 'BuyCheapSellExpensiveAgent']",1,0,AgentMechanismInterface,False,False,True,17,0.7479056399897672,0.9,False,False,"(4, 1, 14)",,2,False,,"(4, 1, 14)",e4bb88a0-5041-45ad-9fc4-ba1a831f7e04,0,"[('e4bb88a0-5041-45ad-9fc4-ba1a831f7e04', (4, 1, 14))]"
6,failed,"['04Ind@2', '03Buy@1']","['IndDecentralizingAgent', 'BuyCheapSellExpensiveAgent']",1,0,AgentMechanismInterface,False,False,True,17,0.39594791998388246,0.9,False,False,"(4, 4, 15)",,2,False,,"(4, 4, 15)",da50d2fe-a7a4-4dfe-8674-bdfa460b2350,0,"[('da50d2fe-a7a4-4dfe-8674-bdfa460b2350', (4, 4, 15))]"
7,failed,"['04Ind@2', '03Buy@1']","['IndDecentralizingAgent', 'BuyCheapSellExpensiveAgent']",1,0,AgentMechanismInterface,False,False,True,17,0.428474890999496,0.9,False,False,"(5, 2, 14)",,2,False,,"(5, 2, 14)",8d870415-ae6d-4f2d-8a5e-bc9a014f618d,0,"[('8d870415-ae6d-4f2d-8a5e-bc9a014f618d', (5, 2, 14))]"
8,failed,"['04Ind@2', '03Buy@1']","['IndDecentralizingAgent', 'BuyCheapSellExpensiveAgent']",1,0,AgentMechanismInterface,False,False,True,17,0.3114725719788112,0.9,False,False,"(3, 1, 15)",,2,False,,"(3, 1, 15)",aec9d748-1b03-40e9-b0aa-872db2d14eec,0,"[('aec9d748-1b03-40e9-b0aa-872db2d14eec', (3, 1, 15))]"
9,failed,"['04Ind@2', '03Buy@1']","['IndDecentralizingAgent', 'BuyCheapSellExpensiveAgent']",1,0,AgentMechanismInterface,False,False,True,17,0.35508547897916287,0.9,False,False,"(6, 1, 14)",,2,False,,"(6, 1, 14)",d769adf1-547e-4f7c-b89f-069dc13918a3,0,"[('d769adf1-547e-4f7c-b89f-069dc13918a3', (6, 1, 14))]"
10,failed,"['04Ind@2', '03Buy@1']","['IndDecentralizingAgent', 'BuyCheapSellExpensiveAgent']",1,0,AgentMechanismInterface,False,False,True,17,0.38888773298822343,0.9,False,False,"(3, 2, 15)",,2,False,,"(3, 2, 15)",2d8e23bd-626a-4551-b008-a780b9517197,0,"[('2d8e23bd-626a-4551-b008-a780b9517197', (3, 2, 15))]"
11,failed,"['05Dec@2', '03Buy@1']","['DecentralizingAgent', 'BuyCheapSellExpensiveAgent']",1,0,AgentMechanismInterface,False,False,True,17,0.3122428560163826,0.9,False,False,"(5, 1, 14)",,2,False,,"(5, 1, 14)",2dea0517-5423-49fc-bcf6-374b25bc2e1e,0,"[('2dea0517-5423-49fc-bcf6-374b25bc2e1e', (5, 1, 14))]"
12,failed,"['04Ind@2', '03Buy@1']","['IndDecentralizingAgent', 'BuyCheapSellExpensiveAgent']",1,0,AgentMechanismInterface,False,False,True,17,0.4572667510365136,0.9,False,False,"(3, 4, 14)",,2,False,,"(3, 4, 14)",e4e11395-07a8-495c-bc25-d8f661728d22,0,"[('e4e11395-07a8-495c-bc25-d8f661728d22', (3, 4, 14))]"
13,failed,"['04Ind@2', '03Buy@1']","['IndDecentralizingAgent', 'BuyCheapSellExpensiveAgent']",1,0,AgentMechanismInterface,False,False,True,17,0.7239053039811552,0.9,False,False,"(7, 5, 15)",,2,False,,"(7, 5, 15)",8c84f167-f79c-4925-bc0e-3be583cf86cc,0,"[('8c84f167-f79c-4925-bc0e-3be583cf86cc', (7, 5, 15))]"
14,failed,"['04Ind@2', '03Buy@1']","['IndDecentralizingAgent', 'BuyCheapSellExpensiveAgent']",1,0,AgentMechanismInterface,False,False,True,17,0.6731903069885448,0.9,False,False,"(5, 11, 15)",,2,False,,"(5, 11, 15)",9a87cf81-668c-45ac-b64b-44dfa966c038,0,"[('9a87cf81-668c-45ac-b64b-44dfa966c038', (5, 11, 15))]"
15,failed,"['05Dec@2', '03Buy@1']","['DecentralizingAgent', 'BuyCheapSellExpensiveAgent']",1,0,AgentMechanismInterface,False,False,True,17,0.7897249819943681,0.9,False,False,"(5, 1, 15)",,2,False,,"(5, 1, 15)",b7609d45-c4cd-48d7-bc0e-2ffb29a67cc1,0,"[('b7609d45-c4cd-48d7-bc0e-2ffb29a67cc1', (5, 1, 15))]"
16,failed,"['04Ind@2', '03Buy@1']","['IndDecentralizingAgent', 'BuyCheapSellExpensiveAgent']",1,0,AgentMechanismInterface,False,False,True,17,0.39352623699232936,0.9,False,False,"(4, 4, 14)",,2,False,,"(4, 4, 14)",44c67ca6-77cc-4f39-b3d0-4ffd95d6fd01,0,"[('44c67ca6-77cc-4f39-b3d0-4ffd95d6fd01', (4, 4, 14))]"
17,failed,"['04Ind@2', '03Buy@1']","['IndDecentralizingAgent', 'BuyCheapSellExpensiveAgent']",1,0,AgentMechanismInterface,False,False,True,17,0.7875584189896472,0.9,False,False,"(6, 1, 14)",,2,False,,"(6, 1, 14)",0e91323f-9fc0-458a-b947-a985db257fa5,0,"[('0e91323f-9fc0-458a-b947-a985db257fa5', (6, 1, 14))]"
18,failed,"['05Dec@2', '03Buy@1']","['DecentralizingAgent', 'BuyCheapSellExpensiveAgent']",1,0,AgentMechanismInterface,False,False,True,17,0.6388800319982693,0.9,False,False,"(6, 4, 15)",,2,False,,"(6, 4, 15)",ae1d48ca-cd26-47d5-bff3-9a075dd58f33,0,"[('ae1d48ca-cd26-47d5-bff3-9a075dd58f33', (6, 4, 15))]"
19,failed,"['04Ind@2', '03Buy@1']","['IndDecentralizingAgent', 'BuyCheapSellExpensiveAgent']",1,0,AgentMechanismInterface,False,False,True,17,0.618454109004233,0.9,False,False,"(6, 4, 14)",,2,False,,"(6, 4, 14)",f0dc4c0d-c12c-4642-a859-afbb95d178c3,0,"[('f0dc4c0d-c12c-4642-a859-afbb95d178c3', (6, 4, 14))]"
20,failed,"['04Ind@2', '03Buy@1']","['IndDecentralizingAgent', 'BuyCheapSellExpensiveAgent']",1,0,AgentMechanismInterface,False,False,True,17,0.5253668770310469,0.9,False,False,"(4, 1, 14)",,2,False,,"(4, 1, 14)",bba0df75-2847-4b6c-a9a3-4b99bf5e35b5,0,"[('bba0df75-2847-4b6c-a9a3-4b99bf5e35b5', (4, 1, 14))]"
21,failed,"['05Dec@2', '03Buy@1']","['DecentralizingAgent', 'BuyCheapSellExpensiveAgent']",1,0,AgentMechanismInterface,False,False,True,17,0.7089357159566134,0.9,False,False,"(5, 3, 15)",,2,False,,"(5, 3, 15)",22306566-47f0-41f5-8a6f-963ccf4f0a3c,0,"[('22306566-47f0-41f5-8a6f-963ccf4f0a3c', (5, 3, 15))]"
22,failed,"['04Ind@2', '03Buy@1']","['IndDecentralizingAgent', 'BuyCheapSellExpensiveAgent']",1,0,AgentMechanismInterface,False,False,True,17,0.4329955610446632,0.9,False,False,"(2, 3, 14)",,2,False,,"(2, 3, 14)",af99bfc0-bfd8-4b47-b82c-393260496da9,0,"[('af99bfc0-bfd8-4b47-b82c-393260496da9', (2, 3, 14))]"
23,failed,"['04Ind@2', '03Buy@1']","['IndDecentralizingAgent', 'BuyCheapSellExpensiveAgent']",1,0,AgentMechanismInterface,False,False,True,17,0.6965083620161749,0.9,False,False,"(3, 3, 15)",,2,False,,"(3, 3, 15)",b61c29f3-5f27-42ba-9069-c2862e301417,0,"[('b61c29f3-5f27-42ba-9069-c2862e301417', (3, 3, 15))]"
24,failed,"['04Ind@2', '03Buy@1']","['IndDecentralizingAgent', 'BuyCheapSellExpensiveAgent']",1,0,AgentMechanismInterface,False,False,True,17,0.7697194819920696,0.9,False,False,"(5, 8, 15)",,2,False,,"(5, 8, 15)",2069d551-537d-4d5d-9135-b8412bf73847,0,"[('2069d551-537d-4d5d-9135-b8412bf73847', (5, 8, 15))]"
25,failed,"['04Ind@2', '03Buy@1']","['IndDecentralizingAgent', 'BuyCheapSellExpensiveAgent']",1,0,AgentMechanismInterface,False,False,True,17,0.5649201240157709,0.9,False,False,"(4, 10, 15)",,2,False,,"(4, 10, 15)",461beda8-e86b-441a-ad23-ec805508ac9b,0,"[('461beda8-e86b-441a-ad23-ec805508ac9b', (4, 10, 15))]"
26,failed,"['02MyA@1', '01Ran@0']","['MyAgent', 'RandomAgent']",1,0,AgentMechanismInterface,False,False,True,18,0.4642203089897521,0.95,False,False,"(3, 2, 9)",,2,False,,"(3, 2, 9)",0e8d8f2b-fcf6-4c76-8246-607e3d653f1c,0,[]
27,failed,"['02MyA@1', '01Ran@0']","['MyAgent', 'RandomAgent']",2,1,AgentMechanismInterface,False,False,True,2,0.00445862504420802,0.15,False,False,"(10, 2, 1)",,2,False,,"(10, 2, 1)",fa2aba49-0a66-4b3f-922d-d067769f1771,0,[]
28,failed,"['04Ind@2', '02MyA@1']","['IndDecentralizingAgent', 'MyAgent']",2,1,AgentMechanismInterface,False,False,True,2,0.1015609799651429,0.15,True,False,,,2,False,,"(9, 2, 1)",e0c47808-ba7a-402e-b128-f26d6e563900,0,[]
29,failed,"['05Dec@2', '02MyA@1']","['DecentralizingAgent', 'MyAgent']",2,1,AgentMechanismInterface,False,False,True,2,0.01311889401404187,0.15,True,False,,,2,False,,"(11, 2, 1)",d8b0dee0-4e09-46f7-830f-9cf127d103fe,0,"[('d8b0dee0-4e09-46f7-830f-9cf127d103fe', (11, 2, 1))]"
30,failed,"['02MyA@1', '00Ran@0']","['MyAgent', 'RandomAgent']",2,1,AgentMechanismInterface,False,False,True,2,0.10919040400767699,0.15,True,False,,,2,False,,"(10, 2, 11)",2960c2b0-65cb-4341-8a22-dca92405cc3f,0,[]
31,failed,"['03Buy@1', '00Ran@0']","['BuyCheapSellExpensiveAgent', 'RandomAgent']",2,1,AgentMechanismInterface,False,False,True,6,0.1067940520006232,0.35,False,False,"(4, 2, 1)",,2,False,,"(4, 2, 1)",27d9dd89-1dd8-4fe1-a005-9d5f253f1024,0,[]
32,failed,"['03Buy@1', '01Ran@0']","['BuyCheapSellExpensiveAgent', 'RandomAgent']",2,1,AgentMechanismInterface,False,False,True,10,0.20538876700447872,0.55,False,False,"(5, 2, 2)",,2,False,,"(5, 2, 2)",4e4345ca-8068-4251-9ba5-493fd1ce414e,0,"[('4e4345ca-8068-4251-9ba5-493fd1ce414e', (5, 2, 2))]"
33,failed,"['03Buy@1', '00Ran@0']","['BuyCheapSellExpensiveAgent', 'RandomAgent']",2,1,AgentMechanismInterface,False,False,True,11,0.20244741800706834,0.6,False,False,"(2, 6, 1)",,2,False,,"(2, 6, 1)",bd2d4505-72c0-45c5-a1c5-a27959357eee,0,"[('bd2d4505-72c0-45c5-a1c5-a27959357eee', (2, 6, 1))]"
34,failed,"['03Buy@1', '01Ran@0']","['BuyCheapSellExpensiveAgent', 'RandomAgent']",2,1,AgentMechanismInterface,False,False,True,11,0.17614792805397883,0.6,False,False,"(5, 2, 2)",,2,False,,"(5, 2, 2)",f62af745-10ef-41ea-a903-3cc080d0381b,0,[]
35,failed,"['03Buy@1', '00Ran@0']","['BuyCheapSellExpensiveAgent', 'RandomAgent']",2,1,AgentMechanismInterface,False,False,True,11,0.19934566505253315,0.6,False,False,"(3, 5, 1)",,2,False,,"(3, 5, 1)",5e3a3bf1-564f-4217-9287-c3127fc67b04,0,"[('5e3a3bf1-564f-4217-9287-c3127fc67b04', (3, 5, 1))]"
36,failed,"['03Buy@1', '01Ran@0']","['BuyCheapSellExpensiveAgent', 'RandomAgent']",2,1,AgentMechanismInterface,False,False,True,12,0.1979511459940113,0.65,False,False,"(5, 7, 2)",,2,False,,"(5, 7, 2)",19d0baf2-4d24-4592-864a-83ae5aa5fd19,0,[]
37,failed,"['03Buy@1', '00Ran@0']","['BuyCheapSellExpensiveAgent', 'RandomAgent']",2,1,AgentMechanismInterface,False,False,True,12,0.08747298398520797,0.65,False,False,"(4, 2, 3)",,2,False,,"(4, 2, 3)",244213a2-b627-4a2c-a522-1360f09b60f7,0,"[('244213a2-b627-4a2c-a522-1360f09b60f7', (4, 2, 3))]"
38,failed,"['03Buy@1', '01Ran@0']","['BuyCheapSellExpensiveAgent', 'RandomAgent']",2,1,AgentMechanismInterface,False,False,True,12,0.19367806101217866,0.65,False,False,"(4, 6, 2)",,2,False,,"(4, 6, 2)",2c3ebbf0-92bb-4ac8-8e46-bc184ba559ec,0,[]
39,failed,"['03Buy@1', '00Ran@0']","['BuyCheapSellExpensiveAgent', 'RandomAgent']",2,1,AgentMechanismInterface,False,False,True,14,0.10201447800500318,0.75,False,False,"(1, 4, 3)",,2,False,,"(1, 4, 3)",018c6407-5c14-4d9c-b513-682377d177cb,0,[]
40,failed,"['03Buy@1', '01Ran@0']","['BuyCheapSellExpensiveAgent', 'RandomAgent']",2,1,AgentMechanismInterface,False,False,True,15,0.23099392000585794,0.8,False,False,"(4, 6, 1)",,2,False,,"(4, 6, 1)",7fec5a33-bfa3-4f5f-8f11-5534aabd1d31,0,"[('7fec5a33-bfa3-4f5f-8f11-5534aabd1d31', (4, 6, 1))]"
41,failed,"['05Dec@2', '03Buy@1']","['DecentralizingAgent', 'BuyCheapSellExpensiveAgent']",2,1,AgentMechanismInterface,False,False,True,17,0.1446237139753066,0.9,False,False,"(7, 6, 15)",,2,False,,"(7, 6, 15)",609c6fc6-0234-4442-9b85-d6654cf1e94f,0,"[('609c6fc6-0234-4442-9b85-d6654cf1e94f', (7, 6, 15))]"
42,failed,"['04Ind@2', '03Buy@1']","['IndDecentralizingAgent', 'BuyCheapSellExpensiveAgent']",2,1,AgentMechanismInterface,False,False,True,17,0.1709019480040297,0.9,False,False,"(6, 2, 14)",,2,False,,"(6, 2, 14)",805f66ed-6795-4f8d-b4bb-b6f00e3532d6,0,"[('805f66ed-6795-4f8d-b4bb-b6f00e3532d6', (6, 2, 14))]"
43,failed,"['05Dec@2', '03Buy@1']","['DecentralizingAgent', 'BuyCheapSellExpensiveAgent']",3,2,AgentMechanismInterface,False,False,True,2,0.009545197011902928,0.15,True,False,,,2,False,,"(4, 6, 28)",293c8295-f30d-4121-a2de-9398809f07d5,0,[]
44,failed,"['05Dec@2', '02MyA@1']","['DecentralizingAgent', 'MyAgent']",3,2,AgentMechanismInterface,False,False,True,2,0.007761144021060318,0.15,True,False,,,2,False,,"(8, 3, 1)",119b831e-3b3e-4685-a73a-c83b2e3d7661,0,[]
45,failed,"['04Ind@2', '02MyA@1']","['IndDecentralizingAgent', 'MyAgent']",3,2,AgentMechanismInterface,False,False,True,2,0.03075495798839256,0.15,True,False,,,2,False,,"(6, 3, 1)",c0169939-38f5-4d4b-9331-f8621d40d4ea,0,"[('c0169939-38f5-4d4b-9331-f8621d40d4ea', (6, 3, 1))]"
46,failed,"['05Dec@2', '03Buy@1']","['DecentralizingAgent', 'BuyCheapSellExpensiveAgent']",3,2,AgentMechanismInterface,False,False,True,17,0.0972989319707267,0.9,False,False,"(6, 7, 15)",,2,False,,"(6, 7, 15)",929dcb33-c6ef-42fc-8bec-b83ccf8d1aa9,0,"[('929dcb33-c6ef-42fc-8bec-b83ccf8d1aa9', (6, 7, 15))]"
47,failed,"['04Ind@2', '03Buy@1']","['IndDecentralizingAgent', 'BuyCheapSellExpensiveAgent']",3,2,AgentMechanismInterface,False,False,True,17,0.11560015700524673,0.9,False,False,"(5, 7, 15)",,2,False,,"(5, 7, 15)",76b40a76-e1ba-4614-ac00-c08fb8676191,0,"[('76b40a76-e1ba-4614-ac00-c08fb8676191', (5, 7, 15))]"
48,failed,"['02MyA@1', '04Ind@2']","['MyAgent', 'IndDecentralizingAgent']",3,2,AgentMechanismInterface,False,False,True,17,0.13089649798348546,0.9,False,False,"(6, 8, 42)",,2,False,,"(6, 8, 42)",e2982ed0-d480-4f0f-8acf-360de4b5dd32,0,"[('e2982ed0-d480-4f0f-8acf-360de4b5dd32', (6, 8, 42))]"
49,failed,"['02MyA@1', '05Dec@2']","['MyAgent', 'DecentralizingAgent']",3,2,AgentMechanismInterface,False,False,True,17,0.1783996150479652,0.9,False,False,"(6, 3, 41)",,2,False,,"(6, 3, 41)",2b00f895-5555-45b1-8807-4c2e27f6df01,0,"[('2b00f895-5555-45b1-8807-4c2e27f6df01', (6, 3, 41))]"
50,failed,"['05Dec@2', '02MyA@1']","['DecentralizingAgent', 'MyAgent']",4,3,AgentMechanismInterface,False,False,True,1,0.004449626023415476,0.1,True,False,,,2,False,,,,0,[]
51,failed,"['05Dec@2', '03Buy@1']","['DecentralizingAgent', 'BuyCheapSellExpensiveAgent']",4,3,AgentMechanismInterface,False,False,True,2,0.11999973800266162,0.15,True,False,,,2,False,,"(2, 7, 28)",19d43fc4-825a-4e48-a217-6a5493a859cd,0,[]
52,failed,"['04Ind@2', '02MyA@1']","['IndDecentralizingAgent', 'MyAgent']",4,3,AgentMechanismInterface,False,False,True,2,0.016315206012222916,0.15,True,False,,,2,False,,,ea09f91b-e00c-42da-b75b-fd70099330d8,0,[]
53,failed,"['05Dec@2', '02MyA@1']","['DecentralizingAgent', 'MyAgent']",4,3,AgentMechanismInterface,False,False,True,2,0.04519430099753663,0.15,True,False,,,2,False,,,d6ddc0c9-16dc-4941-9bd8-c41b6a8d68fc,0,[]
54,failed,"['05Dec@2', '02MyA@1']","['DecentralizingAgent', 'MyAgent']",4,3,AgentMechanismInterface,False,False,True,2,0.09775294299470261,0.15,True,False,,,2,False,,"(11, 4, 1)",14e1e68a-ae2b-4233-beb5-72bebe81dabc,0,[]
55,failed,"['03Buy@1', '01Ran@0']","['BuyCheapSellExpensiveAgent', 'RandomAgent']",4,3,AgentMechanismInterface,False,False,True,7,0.06602574099088088,0.4,False,False,"(2, 4, 1)",,2,False,,"(2, 4, 1)",e10df3bc-dab4-4c9d-9c53-9332d9ad5934,0,"[('e10df3bc-dab4-4c9d-9c53-9332d9ad5934', (2, 4, 1))]"
56,failed,"['03Buy@1', '00Ran@0']","['BuyCheapSellExpensiveAgent', 'RandomAgent']",4,3,AgentMechanismInterface,False,False,True,12,0.1893466530018486,0.65,False,False,"(1, 5, 2)",,2,False,,"(1, 5, 2)",d8155822-a5b6-4bc5-a89c-d374a981de41,0,[]
57,failed,"['02MyA@1', '05Dec@2']","['MyAgent', 'DecentralizingAgent']",4,3,AgentMechanismInterface,False,False,True,17,0.14524691103724763,0.9,False,False,"(8, 4, 41)",,2,False,,"(8, 4, 41)",983682b0-c8bc-424e-9201-5866b5835842,0,"[('983682b0-c8bc-424e-9201-5866b5835842', (8, 4, 41))]"
58,failed,"['02MyA@1', '04Ind@2']","['MyAgent', 'IndDecentralizingAgent']",4,3,AgentMechanismInterface,False,False,True,17,0.22419780999189243,0.9,False,False,"(8, 9, 42)",,2,False,,"(8, 9, 42)",64518704-ae60-425d-9565-047544dc0ae0,0,"[('64518704-ae60-425d-9565-047544dc0ae0', (8, 9, 42))]"
59,failed,"['05Dec@2', '03Buy@1']","['DecentralizingAgent', 'BuyCheapSellExpensiveAgent']",4,3,AgentMechanismInterface,False,False,True,17,0.16833327995846048,0.9,False,False,"(7, 8, 15)",,2,False,,"(7, 8, 15)",a34a0e08-5fb0-49a4-bb33-3b314633edf5,0,"[('a34a0e08-5fb0-49a4-bb33-3b314633edf5', (7, 8, 15))]"
60,failed,"['04Ind@2', '03Buy@1']","['IndDecentralizingAgent', 'BuyCheapSellExpensiveAgent']",4,3,AgentMechanismInterface,False,False,True,17,0.2591090050409548,0.9,False,False,"(5, 4, 14)",,2,False,,"(5, 4, 14)",292d8354-4d86-4458-b95d-09cb841b4548,0,"[('292d8354-4d86-4458-b95d-09cb841b4548', (5, 4, 14))]"
61,failed,"['05Dec@2', '02MyA@1']","['DecentralizingAgent', 'MyAgent']",5,4,AgentMechanismInterface,False,False,True,1,0.003926067962311208,0.1,True,False,,,2,False,,,,0,[]
62,failed,"['05Dec@2', '02MyA@1']","['DecentralizingAgent', 'MyAgent']",5,4,AgentMechanismInterface,False,False,True,2,0.0751417389838025,0.15,True,False,,,2,False,,,15c79a5e-f2c4-4351-9b9a-070f4bd6b148,0,[]
63,failed,"['04Ind@2', '02MyA@1']","['IndDecentralizingAgent', 'MyAgent']",5,4,AgentMechanismInterface,False,False,True,2,0.22664682799950242,0.15,True,False,,,2,False,,,c945200a-62bd-4664-9de3-f7b9b60947fa,0,[]
64,failed,"['05Dec@2', '03Buy@1']","['DecentralizingAgent', 'BuyCheapSellExpensiveAgent']",5,4,AgentMechanismInterface,False,False,True,2,0.0911988359875977,0.15,False,False,"(40, 10, 28)",,2,False,,"(40, 10, 28)",b561e134-8f2c-4d6e-bb95-2c75a053e995,0,[]
65,failed,"['05Dec@2', '03Buy@1']","['DecentralizingAgent', 'BuyCheapSellExpensiveAgent']",5,4,AgentMechanismInterface,False,False,True,2,0.028087443963158876,0.15,True,False,,,2,False,,,6dace96a-d145-4eb0-bc5e-0bb8ec65b758,0,[]
66,failed,"['05Dec@2', '03Buy@1']","['DecentralizingAgent', 'BuyCheapSellExpensiveAgent']",5,4,AgentMechanismInterface,False,False,True,2,0.034941321006044745,0.15,True,False,,,2,False,,,95ffcb53-f6dc-462a-8e32-59a0fe51dd71,0,[]
67,failed,"['05Dec@2', '03Buy@1']","['DecentralizingAgent', 'BuyCheapSellExpensiveAgent']",5,4,AgentMechanismInterface,False,False,True,2,0.16010692599229515,0.15,False,False,"(43, 9, 28)",,2,False,,"(43, 9, 28)",68959a19-9d7f-4625-9b12-e2e778e991dc,0,[]
68,failed,"['05Dec@2', '03Buy@1']","['DecentralizingAgent', 'BuyCheapSellExpensiveAgent']",5,4,AgentMechanismInterface,False,False,True,2,0.18609810498310253,0.15,True,False,,,2,False,,,8f266352-4feb-4533-83b1-9c7a7d1cdd11,0,[]
69,failed,"['03Buy@1', '01Ran@0']","['BuyCheapSellExpensiveAgent', 'RandomAgent']",5,4,AgentMechanismInterface,False,False,True,10,0.2512905369512737,0.55,False,False,"(3, 9, 1)",,2,False,,"(3, 9, 1)",21b5d52c-21bc-4434-a2d4-293e03352f87,0,[]
70,failed,"['03Buy@1', '00Ran@0']","['BuyCheapSellExpensiveAgent', 'RandomAgent']",5,4,AgentMechanismInterface,False,False,True,11,0.26231671404093504,0.6,False,False,"(5, 5, 2)",,2,False,,"(5, 5, 2)",c3ffd5ed-7758-4789-a8ad-1bc13a369731,0,[]
71,failed,"['02MyA@1', '04Ind@2']","['MyAgent', 'IndDecentralizingAgent']",5,4,AgentMechanismInterface,False,False,True,17,0.30070857098326087,0.9,False,False,"(6, 10, 42)",,2,False,,"(6, 10, 42)",d98d01e9-73a9-46e5-9fc4-e649eadb651d,0,"[('d98d01e9-73a9-46e5-9fc4-e649eadb651d', (6, 10, 42))]"
72,failed,"['02MyA@1', '05Dec@2']","['MyAgent', 'DecentralizingAgent']",5,4,AgentMechanismInterface,False,False,True,17,0.26027361798333004,0.9,False,False,"(6, 10, 42)",,2,False,,"(6, 10, 42)",e095f7fe-0309-4acc-bb87-d9e0104a91b8,0,"[('e095f7fe-0309-4acc-bb87-d9e0104a91b8', (6, 10, 42))]"
73,failed,"['04Ind@2', '03Buy@1']","['IndDecentralizingAgent', 'BuyCheapSellExpensiveAgent']",5,4,AgentMechanismInterface,False,False,True,17,0.2787841110257432,0.9,False,False,"(5, 5, 14)",,2,False,,"(5, 5, 14)",9aa02b17-8b03-481a-ac7a-387377568357,0,"[('9aa02b17-8b03-481a-ac7a-387377568357', (5, 5, 14))]"
74,failed,"['05Dec@2', '02MyA@1']","['DecentralizingAgent', 'MyAgent']",6,5,AgentMechanismInterface,False,False,True,1,0.010590144025627524,0.1,True,False,,,2,False,,,,0,[]
75,failed,"['05Dec@2', '02MyA@1']","['DecentralizingAgent', 'MyAgent']",6,5,AgentMechanismInterface,False,False,True,1,0.004194029956124723,0.1,True,False,,,2,False,,,,0,[]
76,failed,"['05Dec@2', '02MyA@1']","['DecentralizingAgent', 'MyAgent']",6,5,AgentMechanismInterface,False,False,True,1,0.0007947580306790769,0.1,True,False,,,2,False,,,,0,[]
77,failed,"['05Dec@2', '02MyA@1']","['DecentralizingAgent', 'MyAgent']",6,5,AgentMechanismInterface,False,False,True,2,0.026491314987652004,0.15,True,False,,,2,False,,,e1a6693e-d594-44d8-a545-975a1a2d918f,0,[]
78,failed,"['05Dec@2', '03Buy@1']","['DecentralizingAgent', 'BuyCheapSellExpensiveAgent']",6,5,AgentMechanismInterface,False,False,True,2,0.02930190198821947,0.15,True,False,,,2,False,,,8d7fb07c-ddc2-4006-a451-2f6aa77da1d0,0,[]
79,failed,"['04Ind@2', '02MyA@1']","['IndDecentralizingAgent', 'MyAgent']",6,5,AgentMechanismInterface,False,False,True,2,0.029853054031264037,0.15,True,False,,,2,False,,"(5, 6, 1)",b25738a6-c9fa-40ab-92fc-8495a7debbe4,0,[]
80,failed,"['05Dec@2', '03Buy@1']","['DecentralizingAgent', 'BuyCheapSellExpensiveAgent']",6,5,AgentMechanismInterface,False,False,True,2,0.03858961001969874,0.15,True,False,,,2,False,,,233014fd-f234-4e2b-bf60-2b91e18a1d16,0,[]
81,failed,"['05Dec@2', '02MyA@1']","['DecentralizingAgent', 'MyAgent']",6,5,AgentMechanismInterface,False,False,True,2,0.06515518197556958,0.15,True,False,,,2,False,,,f271b2e3-93b6-4d55-9184-aa759aa33cff,0,[]
82,failed,"['05Dec@2', '03Buy@1']","['DecentralizingAgent', 'BuyCheapSellExpensiveAgent']",6,5,AgentMechanismInterface,False,False,True,17,0.15466370899230242,0.9,False,False,"(7, 6, 14)",,2,False,,"(7, 6, 14)",0442a9ef-b27e-4bc7-8f47-e4dec99ffb13,0,"[('0442a9ef-b27e-4bc7-8f47-e4dec99ffb13', (7, 6, 14))]"
83,failed,"['05Dec@2', '03Buy@1']","['DecentralizingAgent', 'BuyCheapSellExpensiveAgent']",6,5,AgentMechanismInterface,False,False,True,17,0.1011302699916996,0.9,False,False,"(7, 6, 14)",,2,False,,"(7, 6, 14)",1ffc0af0-6c7b-44ba-94bc-b9049af22d61,0,"[('1ffc0af0-6c7b-44ba-94bc-b9049af22d61', (7, 6, 14))]"
84,failed,"['04Ind@2', '03Buy@1']","['IndDecentralizingAgent', 'BuyCheapSellExpensiveAgent']",6,5,AgentMechanismInterface,False,False,True,17,0.18420013203285635,0.9,False,False,"(4, 10, 15)",,2,False,,"(4, 10, 15)",3dad27b9-3730-4cf8-853d-494f1c17ad4a,0,"[('3dad27b9-3730-4cf8-853d-494f1c17ad4a', (4, 10, 15))]"
85,failed,"['05Dec@2', '03Buy@1']","['DecentralizingAgent', 'BuyCheapSellExpensiveAgent']",6,5,AgentMechanismInterface,False,False,True,17,0.13539263198617846,0.9,False,False,"(6, 6, 14)",,2,False,,"(6, 6, 14)",a04e7dad-4950-4ac0-8a8e-5976458740da,0,"[('a04e7dad-4950-4ac0-8a8e-5976458740da', (6, 6, 14))]"
86,failed,"['02MyA@1', '04Ind@2']","['MyAgent', 'IndDecentralizingAgent']",6,5,AgentMechanismInterface,False,False,True,17,0.09565226500853896,0.9,False,False,"(1, 9, 42)",,2,False,,"(1, 9, 42)",432cf231-0c2f-4713-bcd1-42945d62381b,0,"[('432cf231-0c2f-4713-bcd1-42945d62381b', (1, 9, 42))]"
87,failed,"['05Dec@2', '02MyA@1']","['DecentralizingAgent', 'MyAgent']",7,6,AgentMechanismInterface,False,False,True,1,0.0008937990060076118,0.1,True,False,,,2,False,,,,0,[]
88,failed,"['05Dec@2', '02MyA@1']","['DecentralizingAgent', 'MyAgent']",7,6,AgentMechanismInterface,False,False,True,1,0.003530589980073273,0.1,True,False,,,2,False,,,,0,[]
89,failed,"['05Dec@2', '03Buy@1']","['DecentralizingAgent', 'BuyCheapSellExpensiveAgent']",7,6,AgentMechanismInterface,False,False,True,2,0.06093674700241536,0.15,False,False,"(42, 11, 28)",,2,False,,"(42, 11, 28)",de079158-ae9e-478e-98b3-28104c33a68d,0,[]
90,failed,"['05Dec@2', '03Buy@1']","['DecentralizingAgent', 'BuyCheapSellExpensiveAgent']",7,6,AgentMechanismInterface,False,False,True,2,0.06737474497640505,0.15,True,False,,,2,False,,"(4, 8, 28)",d1f27e54-a1fb-4e3b-9723-e45cc2b5333c,0,[]
91,failed,"['05Dec@2', '03Buy@1']","['DecentralizingAgent', 'BuyCheapSellExpensiveAgent']",7,6,AgentMechanismInterface,False,False,True,2,0.08096411701990291,0.15,True,False,,,2,False,,,d1e0bfe8-9c06-4ff6-9794-5307fb1b8039,0,[]
92,failed,"['04Ind@2', '03Buy@1']","['IndDecentralizingAgent', 'BuyCheapSellExpensiveAgent']",7,6,AgentMechanismInterface,False,False,True,17,0.1198481610044837,0.9,False,False,"(7, 11, 15)",,2,False,,"(7, 11, 15)",842e5aea-2fb2-4d08-8fd7-d62949ce5dee,0,"[('842e5aea-2fb2-4d08-8fd7-d62949ce5dee', (7, 11, 15))]"
93,failed,"['04Ind@2', '03Buy@1']","['IndDecentralizingAgent', 'BuyCheapSellExpensiveAgent']",8,7,AgentMechanismInterface,False,False,True,17,0.044088784023188055,0.9,False,False,"(6, 8, 14)",,2,False,,"(6, 8, 14)",822eafb7-e33d-4e4d-b7fb-f729e75416df,0,"[('822eafb7-e33d-4e4d-b7fb-f729e75416df', (6, 8, 14))]"
94,failed,"['05Dec@2', '03Buy@1']","['DecentralizingAgent', 'BuyCheapSellExpensiveAgent']",8,7,AgentMechanismInterface,False,False,True,17,0.08179234404815361,0.9,False,False,"(8, 12, 15)",,2,False,,"(8, 12, 15)",65ab3ce4-d940-46d4-9291-c1477d033557,0,"[('65ab3ce4-d940-46d4-9291-c1477d033557', (8, 12, 15))]"
95,failed,"['04Ind@2', '03Buy@1']","['IndDecentralizingAgent', 'BuyCheapSellExpensiveAgent']",9,8,AgentMechanismInterface,False,False,True,17,0.09690971195232123,0.9,False,False,"(6, 13, 15)",,2,False,,"(6, 13, 15)",659186a0-33ab-439e-98fe-708718dadd76,0,"[('659186a0-33ab-439e-98fe-708718dadd76', (6, 13, 15))]"
96,failed,"['05Dec@2', '03Buy@1']","['DecentralizingAgent', 'BuyCheapSellExpensiveAgent']",9,8,AgentMechanismInterface,False,False,True,17,0.07437072496395558,0.9,False,False,"(6, 9, 14)",,2,False,,"(6, 9, 14)",8eed956a-06e6-4908-9da0-99b94ab87c3a,0,"[('8eed956a-06e6-4908-9da0-99b94ab87c3a', (6, 9, 14))]"
97,failed,"['04Ind@2', '03Buy@1']","['IndDecentralizingAgent', 'BuyCheapSellExpensiveAgent']",9,8,AgentMechanismInterface,False,False,True,17,0.0513529889867641,0.9,False,False,"(4, 14, 15)",,2,False,,"(4, 14, 15)",b02b8df8-56a6-4404-af96-14d40cd189a5,0,"[('b02b8df8-56a6-4404-af96-14d40cd189a5', (4, 14, 15))]"
98,failed,"['04Ind@2', '03Buy@1']","['IndDecentralizingAgent', 'BuyCheapSellExpensiveAgent']",10,9,AgentMechanismInterface,False,False,True,17,0.052261099976021796,0.9,False,False,"(7, 14, 15)",,2,False,,"(7, 14, 15)",ce48923d-d64e-4d5d-92bd-df21c3566033,0,"[('ce48923d-d64e-4d5d-92bd-df21c3566033', (7, 14, 15))]"
99,failed,"['05Dec@2', '03Buy@1']","['DecentralizingAgent', 'BuyCheapSellExpensiveAgent']",10,9,AgentMechanismInterface,False,False,True,17,0.07868456898722798,0.9,False,False,"(6, 10, 14)",,2,False,,"(6, 10, 14)",b434f8bc-2f6d-4506-8ba5-0c4c5dbb7a95,0,"[('b434f8bc-2f6d-4506-8ba5-0c4c5dbb7a95', (6, 10, 14))]"
100,failed,"['04Ind@2', '03Buy@1']","['IndDecentralizingAgent', 'BuyCheapSellExpensiveAgent']",11,10,AgentMechanismInterface,False,False,True,17,0.06594894302543253,0.9,False,False,"(3, 11, 14)",,2,False,,"(3, 11, 14)",2ebc6a1c-290f-42c5-b3c2-9e0fd9d7a288,0,"[('2ebc6a1c-290f-42c5-b3c2-9e0fd9d7a288', (3, 11, 14))]"
101,failed,"['04Ind@2', '03Buy@1']","['IndDecentralizingAgent', 'BuyCheapSellExpensiveAgent']",11,10,AgentMechanismInterface,False,False,True,17,0.09287408099044114,0.9,False,False,"(6, 15, 15)",,2,False,,"(6, 15, 15)",6da463c2-c07d-4598-8735-ebbb99aca6de,0,"[('6da463c2-c07d-4598-8735-ebbb99aca6de', (6, 15, 15))]"
102,failed,"['05Dec@2', '03Buy@1']","['DecentralizingAgent', 'BuyCheapSellExpensiveAgent']",11,10,AgentMechanismInterface,False,False,True,17,0.06082228000741452,0.9,False,False,"(6, 15, 15)",,2,False,,"(6, 15, 15)",f44ef04c-555a-49fe-90d3-7d29539efe2a,0,"[('f44ef04c-555a-49fe-90d3-7d29539efe2a', (6, 15, 15))]"
103,failed,"['04Ind@2', '03Buy@1']","['IndDecentralizingAgent', 'BuyCheapSellExpensiveAgent']",12,11,AgentMechanismInterface,False,False,True,17,0.05102337896823883,0.9,False,False,"(7, 12, 14)",,2,False,,"(7, 12, 14)",5e82eb67-01bc-4237-ad3c-e9496740a3c2,0,"[('5e82eb67-01bc-4237-ad3c-e9496740a3c2', (7, 12, 14))]"
104,failed,"['05Dec@2', '03Buy@1']","['DecentralizingAgent', 'BuyCheapSellExpensiveAgent']",12,11,AgentMechanismInterface,False,False,True,17,0.07539422798436135,0.9,False,False,"(6, 12, 14)",,2,False,,"(6, 12, 14)",bd3438d2-b82e-4e9a-9e6a-0c75fbb7370c,0,"[('bd3438d2-b82e-4e9a-9e6a-0c75fbb7370c', (6, 12, 14))]"
105,failed,"['05Dec@2', '03Buy@1']","['DecentralizingAgent', 'BuyCheapSellExpensiveAgent']",13,12,AgentMechanismInterface,False,False,True,17,0.04489755898248404,0.9,False,False,"(4, 13, 14)",,2,False,,"(4, 13, 14)",c34f8024-fd57-4420-854b-ec87887af28f,0,"[('c34f8024-fd57-4420-854b-ec87887af28f', (4, 13, 14))]"
106,failed,"['04Ind@2', '03Buy@1']","['IndDecentralizingAgent', 'BuyCheapSellExpensiveAgent']",13,12,AgentMechanismInterface,False,False,True,17,0.0683270079898648,0.9,False,False,"(3, 13, 14)",,2,False,,"(3, 13, 14)",a059947b-b666-4ae6-8990-95cec0c34127,0,"[('a059947b-b666-4ae6-8990-95cec0c34127', (3, 13, 14))]"
107,failed,"['04Ind@2', '03Buy@1']","['IndDecentralizingAgent', 'BuyCheapSellExpensiveAgent']",13,12,AgentMechanismInterface,False,False,True,17,0.06250766001176089,0.9,False,False,"(4, 13, 14)",,2,False,,"(4, 13, 14)",1a01d1ad-a9b5-4478-a32d-e1274aa5ad36,0,"[('1a01d1ad-a9b5-4478-a32d-e1274aa5ad36', (4, 13, 14))]"
108,failed,"['04Ind@2', '03Buy@1']","['IndDecentralizingAgent', 'BuyCheapSellExpensiveAgent']",14,13,AgentMechanismInterface,False,False,True,17,0.03610743896570057,0.9,False,False,"(2, 15, 15)",,2,False,,"(2, 15, 15)",1996742a-e227-4309-8eec-403c2130716f,0,"[('1996742a-e227-4309-8eec-403c2130716f', (2, 15, 15))]"
109,failed,"['04Ind@2', '03Buy@1']","['IndDecentralizingAgent', 'BuyCheapSellExpensiveAgent']",14,13,AgentMechanismInterface,False,False,True,17,0.051997988019138575,0.9,False,False,"(4, 14, 14)",,2,False,,"(4, 14, 14)",e0e9df59-20a3-453d-a3bf-798b1b0c14eb,0,"[('e0e9df59-20a3-453d-a3bf-798b1b0c14eb', (4, 14, 14))]"
110,failed,"['05Dec@2', '03Buy@1']","['DecentralizingAgent', 'BuyCheapSellExpensiveAgent']",14,13,AgentMechanismInterface,False,False,True,17,0.06967298098606989,0.9,False,False,"(4, 14, 14)",,2,False,,"(4, 14, 14)",e74204f8-aea4-4e07-a45b-830aaefcae69,0,"[('e74204f8-aea4-4e07-a45b-830aaefcae69', (4, 14, 14))]"
111,failed,"['05Dec@2', '03Buy@1']","['DecentralizingAgent', 'BuyCheapSellExpensiveAgent']",15,14,AgentMechanismInterface,False,False,True,17,0.0450969819794409,0.9,False,False,"(4, 15, 14)",,2,False,,"(4, 15, 14)",50dc6f32-2bff-435e-b9a6-33501525af87,0,"[('50dc6f32-2bff-435e-b9a6-33501525af87', (4, 15, 14))]"
112,failed,"['04Ind@2', '03Buy@1']","['IndDecentralizingAgent', 'BuyCheapSellExpensiveAgent']",15,14,AgentMechanismInterface,False,False,True,17,0.05118312296690419,0.9,False,False,"(3, 15, 14)",,2,False,,"(3, 15, 14)",57445f9f-4336-4eae-9f97-e27fa832b205,0,"[('57445f9f-4336-4eae-9f97-e27fa832b205', (3, 15, 14))]"
113,failed,"['04Ind@2', '03Buy@1']","['IndDecentralizingAgent', 'BuyCheapSellExpensiveAgent']",15,14,AgentMechanismInterface,False,False,True,17,0.06694010901264846,0.9,False,False,"(4, 19, 15)",,2,False,,"(4, 19, 15)",35ea8008-3f2c-42f6-a4af-75bd4572d008,0,"[('35ea8008-3f2c-42f6-a4af-75bd4572d008', (4, 19, 15))]"
114,failed,"['05Dec@2', '03Buy@1']","['DecentralizingAgent', 'BuyCheapSellExpensiveAgent']",16,15,AgentMechanismInterface,False,False,True,17,0.05107533500995487,0.9,False,False,"(4, 16, 14)",,2,False,,"(4, 16, 14)",2579eec4-f052-4d97-93e5-a1df1c61a177,0,"[('2579eec4-f052-4d97-93e5-a1df1c61a177', (4, 16, 14))]"
115,failed,"['04Ind@2', '03Buy@1']","['IndDecentralizingAgent', 'BuyCheapSellExpensiveAgent']",16,15,AgentMechanismInterface,False,False,True,17,0.036904153996147215,0.9,False,False,"(4, 20, 15)",,2,False,,"(4, 20, 15)",85f04a80-ba57-4497-99ae-53a7e2869420,0,"[('85f04a80-ba57-4497-99ae-53a7e2869420', (4, 20, 15))]"
116,failed,"['05Dec@2', '03Buy@1']","['DecentralizingAgent', 'BuyCheapSellExpensiveAgent']",17,16,AgentMechanismInterface,False,False,True,17,0.03554611199069768,0.9,False,False,"(4, 17, 14)",,2,False,,"(4, 17, 14)",95c77cec-29f7-4962-ac73-d5de0f85c8e7,0,"[('95c77cec-29f7-4962-ac73-d5de0f85c8e7', (4, 17, 14))]"
117,failed,"['04Ind@2', '03Buy@1']","['IndDecentralizingAgent', 'BuyCheapSellExpensiveAgent']",17,16,AgentMechanismInterface,False,False,True,17,0.051822346984408796,0.9,False,False,"(4, 21, 15)",,2,False,,"(4, 21, 15)",6b1c52d1-3797-429b-a54d-e4d8b847d13a,0,"[('6b1c52d1-3797-429b-a54d-e4d8b847d13a', (4, 21, 15))]"
118,failed,"['05Dec@2', '03Buy@1']","['DecentralizingAgent', 'BuyCheapSellExpensiveAgent']",18,17,AgentMechanismInterface,False,False,True,17,0.03696288401260972,0.9,False,False,"(4, 18, 14)",,2,False,,"(4, 18, 14)",e20a9603-9017-4b73-83fd-492fa81aeddf,0,"[('e20a9603-9017-4b73-83fd-492fa81aeddf', (4, 18, 14))]"
119,failed,"['04Ind@2', '03Buy@1']","['IndDecentralizingAgent', 'BuyCheapSellExpensiveAgent']",18,17,AgentMechanismInterface,False,False,True,17,0.05297375604277477,0.9,False,False,"(4, 18, 14)",,2,False,,"(4, 18, 14)",e51694bc-817a-4bc2-8e9f-860c8c03ab35,0,"[('e51694bc-817a-4bc2-8e9f-860c8c03ab35', (4, 18, 14))]"
120,failed,"['04Ind@2', '03Buy@1']","['IndDecentralizingAgent', 'BuyCheapSellExpensiveAgent']",19,18,AgentMechanismInterface,False,False,True,17,0.035652599995955825,0.9,False,False,"(4, 23, 15)",,2,False,,"(4, 23, 15)",a2cb1aca-267a-4f6e-9d82-d92403494091,0,"[('a2cb1aca-267a-4f6e-9d82-d92403494091', (4, 23, 15))]"
121,failed,"['05Dec@2', '03Buy@1']","['DecentralizingAgent', 'BuyCheapSellExpensiveAgent']",19,18,AgentMechanismInterface,False,False,True,17,0.051716222951654345,0.9,False,False,"(4, 19, 14)",,2,False,,"(4, 19, 14)",5b2e6758-75e2-43f7-849d-754c9912e110,0,"[('5b2e6758-75e2-43f7-849d-754c9912e110', (4, 19, 14))]"
122,failed,"['04Ind@2', '03Buy@1']","['IndDecentralizingAgent', 'BuyCheapSellExpensiveAgent']",20,19,AgentMechanismInterface,False,False,True,17,0.06287386396434158,0.9,False,False,"(6, 24, 15)",,2,False,,"(6, 24, 15)",ac1e068b-2be5-44e0-b5ab-9c8e1d2059d0,0,"[('ac1e068b-2be5-44e0-b5ab-9c8e1d2059d0', (6, 24, 15))]"
123,failed,"['05Dec@2', '03Buy@1']","['DecentralizingAgent', 'BuyCheapSellExpensiveAgent']",20,19,AgentMechanismInterface,False,False,True,17,0.03965360502479598,0.9,False,False,"(4, 24, 15)",,2,False,,"(4, 24, 15)",7c74e6ac-8e67-46f2-83f0-0a972e3b528b,0,"[('7c74e6ac-8e67-46f2-83f0-0a972e3b528b', (4, 24, 15))]"
124,failed,"['04Ind@2', '03Buy@1']","['IndDecentralizingAgent', 'BuyCheapSellExpensiveAgent']",21,20,AgentMechanismInterface,False,False,True,17,0.03643378400010988,0.9,False,False,"(4, 25, 15)",,2,False,,"(4, 25, 15)",05d796eb-403a-467e-a3f7-182f1b8d8c40,0,"[('05d796eb-403a-467e-a3f7-182f1b8d8c40', (4, 25, 15))]"
125,failed,"['05Dec@2', '03Buy@1']","['DecentralizingAgent', 'BuyCheapSellExpensiveAgent']",21,20,AgentMechanismInterface,False,False,True,17,0.05287927796598524,0.9,False,False,"(4, 21, 14)",,2,False,,"(4, 21, 14)",b71f0c4e-8b65-4f0b-9ea4-bac6f4a7fc62,0,"[('b71f0c4e-8b65-4f0b-9ea4-bac6f4a7fc62', (4, 21, 14))]"
126,failed,"['04Ind@2', '03Buy@1']","['IndDecentralizingAgent', 'BuyCheapSellExpensiveAgent']",22,21,AgentMechanismInterface,False,False,True,17,0.04649157600942999,0.9,False,False,"(6, 22, 14)",,2,False,,"(6, 22, 14)",d2a77b7d-06cf-43c7-96db-1eb74bc8412f,0,"[('d2a77b7d-06cf-43c7-96db-1eb74bc8412f', (6, 22, 14))]"
127,failed,"['05Dec@2', '03Buy@1']","['DecentralizingAgent', 'BuyCheapSellExpensiveAgent']",22,21,AgentMechanismInterface,False,False,True,17,0.06864358903840184,0.9,False,False,"(5, 26, 15)",,2,False,,"(5, 26, 15)",f7149bdb-b3f1-4501-9eed-aae4edf55949,0,"[('f7149bdb-b3f1-4501-9eed-aae4edf55949', (5, 26, 15))]"
128,failed,"['04Ind@2', '03Buy@1']","['IndDecentralizingAgent', 'BuyCheapSellExpensiveAgent']",23,22,AgentMechanismInterface,False,False,True,17,0.03564612299669534,0.9,False,False,"(4, 27, 15)",,2,False,,"(4, 27, 15)",83ab939e-08e9-4cec-bf18-be0cbb35c4f7,0,"[('83ab939e-08e9-4cec-bf18-be0cbb35c4f7', (4, 27, 15))]"
129,failed,"['05Dec@2', '03Buy@1']","['DecentralizingAgent', 'BuyCheapSellExpensiveAgent']",23,22,AgentMechanismInterface,False,False,True,17,0.05985001602675766,0.9,False,False,"(6, 23, 14)",,2,False,,"(6, 23, 14)",c5d0a8b1-c9c0-4262-9c88-f8dc40b3bc5a,0,"[('c5d0a8b1-c9c0-4262-9c88-f8dc40b3bc5a', (6, 23, 14))]"
130,failed,"['05Dec@2', '03Buy@1']","['DecentralizingAgent', 'BuyCheapSellExpensiveAgent']",24,23,AgentMechanismInterface,False,False,True,17,0.050483493017964065,0.9,False,False,"(7, 28, 15)",,2,False,,"(7, 28, 15)",ef5c704f-83a8-4328-9548-8ec740b8d772,0,"[('ef5c704f-83a8-4328-9548-8ec740b8d772', (7, 28, 15))]"
131,failed,"['04Ind@2', '03Buy@1']","['IndDecentralizingAgent', 'BuyCheapSellExpensiveAgent']",24,23,AgentMechanismInterface,False,False,True,17,0.07805764203658327,0.9,False,False,"(6, 28, 15)",,2,False,,"(6, 28, 15)",93edfa20-5b9d-4e6a-950c-50c396795845,0,"[('93edfa20-5b9d-4e6a-950c-50c396795845', (6, 28, 15))]"
132,failed,"['05Dec@2', '03Buy@1']","['DecentralizingAgent', 'BuyCheapSellExpensiveAgent']",25,24,AgentMechanismInterface,False,False,True,17,0.0478392030345276,0.9,False,False,"(6, 29, 15)",,2,False,,"(6, 29, 15)",c351e243-ea3f-4bcf-bff1-75967e57ad5d,0,"[('c351e243-ea3f-4bcf-bff1-75967e57ad5d', (6, 29, 15))]"
133,failed,"['04Ind@2', '03Buy@1']","['IndDecentralizingAgent', 'BuyCheapSellExpensiveAgent']",25,24,AgentMechanismInterface,False,False,True,17,0.0761816679732874,0.9,False,False,"(6, 29, 15)",,2,False,,"(6, 29, 15)",90db59df-2388-4349-a82b-155b345b7851,0,"[('90db59df-2388-4349-a82b-155b345b7851', (6, 29, 15))]"
134,failed,"['04Ind@2', '03Buy@1']","['IndDecentralizingAgent', 'BuyCheapSellExpensiveAgent']",26,25,AgentMechanismInterface,False,False,True,17,0.05634181998902932,0.9,False,False,"(8, 26, 14)",,2,False,,"(8, 26, 14)",cbfb6ae6-508e-4fee-9286-08bc0ca3dd0f,0,"[('cbfb6ae6-508e-4fee-9286-08bc0ca3dd0f', (8, 26, 14))]"
135,failed,"['05Dec@2', '03Buy@1']","['DecentralizingAgent', 'BuyCheapSellExpensiveAgent']",26,25,AgentMechanismInterface,False,False,True,17,0.08971589198336005,0.9,False,False,"(7, 26, 14)",,2,False,,"(7, 26, 14)",2d0c29cb-2526-4959-860b-7ddbe23ad866,0,"[('2d0c29cb-2526-4959-860b-7ddbe23ad866', (7, 26, 14))]"
136,failed,"['04Ind@2', '03Buy@1']","['IndDecentralizingAgent', 'BuyCheapSellExpensiveAgent']",27,26,AgentMechanismInterface,False,False,True,17,0.0468636269797571,0.9,False,False,"(6, 27, 14)",,2,False,,"(6, 27, 14)",dcaa8470-a755-445c-84fe-8fa992e57a41,0,"[('dcaa8470-a755-445c-84fe-8fa992e57a41', (6, 27, 14))]"
137,failed,"['05Dec@2', '03Buy@1']","['DecentralizingAgent', 'BuyCheapSellExpensiveAgent']",27,26,AgentMechanismInterface,False,False,True,17,0.07403283700114116,0.9,False,False,"(6, 27, 14)",,2,False,,"(6, 27, 14)",a2de54f2-c522-4bf2-bc7f-13b54c700fd4,0,"[('a2de54f2-c522-4bf2-bc7f-13b54c700fd4', (6, 27, 14))]"
138,failed,"['04Ind@2', '03Buy@1']","['IndDecentralizingAgent', 'BuyCheapSellExpensiveAgent']",28,27,AgentMechanismInterface,False,False,True,17,0.0498284250497818,0.9,False,False,"(7, 28, 14)",,2,False,,"(7, 28, 14)",2643b3dc-cd7e-4daf-8d13-6f98835a67c5,0,"[('2643b3dc-cd7e-4daf-8d13-6f98835a67c5', (7, 28, 14))]"
139,failed,"['05Dec@2', '03Buy@1']","['DecentralizingAgent', 'BuyCheapSellExpensiveAgent']",28,27,AgentMechanismInterface,False,False,True,17,0.07489074202021584,0.9,False,False,"(6, 32, 15)",,2,False,,"(6, 32, 15)",ce011321-0210-4e6c-9ab3-5454cb97a4ef,0,"[('ce011321-0210-4e6c-9ab3-5454cb97a4ef', (6, 32, 15))]"
140,failed,"['04Ind@2', '03Buy@1']","['IndDecentralizingAgent', 'BuyCheapSellExpensiveAgent']",29,28,AgentMechanismInterface,False,False,True,17,0.08143535500857979,0.9,False,False,"(7, 29, 14)",,2,False,,"(7, 29, 14)",f4e2cb3b-6185-4181-8402-430b40a5ec3f,0,"[('f4e2cb3b-6185-4181-8402-430b40a5ec3f', (7, 29, 14))]"
141,failed,"['05Dec@2', '03Buy@1']","['DecentralizingAgent', 'BuyCheapSellExpensiveAgent']",29,28,AgentMechanismInterface,False,False,True,17,0.05505516502307728,0.9,False,False,"(7, 29, 14)",,2,False,,"(7, 29, 14)",e3898aaf-83fd-492e-8fd7-5417d7510afe,0,"[('e3898aaf-83fd-492e-8fd7-5417d7510afe', (7, 29, 14))]"
142,failed,"['04Ind@2', '03Buy@1']","['IndDecentralizingAgent', 'BuyCheapSellExpensiveAgent']",30,29,AgentMechanismInterface,False,False,True,17,0.04757047403836623,0.9,False,False,"(6, 30, 14)",,2,False,,"(6, 30, 14)",77493a36-fdeb-4a3a-8f58-6dd291b4e188,0,"[('77493a36-fdeb-4a3a-8f58-6dd291b4e188', (6, 30, 14))]"
143,failed,"['05Dec@2', '03Buy@1']","['DecentralizingAgent', 'BuyCheapSellExpensiveAgent']",30,29,AgentMechanismInterface,False,False,True,17,0.07734080101363361,0.9,False,False,"(7, 34, 15)",,2,False,,"(7, 34, 15)",2d664435-8ef0-4627-9146-da7145a2633d,0,"[('2d664435-8ef0-4627-9146-da7145a2633d', (7, 34, 15))]"
144,failed,"['05Dec@2', '03Buy@1']","['DecentralizingAgent', 'BuyCheapSellExpensiveAgent']",31,30,AgentMechanismInterface,False,False,True,17,0.07109772600233555,0.9,False,False,"(6, 35, 15)",,2,False,,"(6, 35, 15)",93c1d65c-096e-4b2b-a467-22e2341d33c8,0,"[('93c1d65c-096e-4b2b-a467-22e2341d33c8', (6, 35, 15))]"
145,failed,"['04Ind@2', '03Buy@1']","['IndDecentralizingAgent', 'BuyCheapSellExpensiveAgent']",31,30,AgentMechanismInterface,False,False,True,17,0.04649268998764455,0.9,False,False,"(6, 35, 15)",,2,False,,"(6, 35, 15)",cffa5f07-6820-49e9-a93c-b3b71f164b8d,0,"[('cffa5f07-6820-49e9-a93c-b3b71f164b8d', (6, 35, 15))]"
146,failed,"['04Ind@2', '03Buy@1']","['IndDecentralizingAgent', 'BuyCheapSellExpensiveAgent']",32,31,AgentMechanismInterface,False,False,True,17,0.044680066988803446,0.9,False,False,"(6, 32, 14)",,2,False,,"(6, 32, 14)",21ddff73-1aa5-44ba-997e-7c542629dd64,0,"[('21ddff73-1aa5-44ba-997e-7c542629dd64', (6, 32, 14))]"
147,failed,"['05Dec@2', '03Buy@1']","['DecentralizingAgent', 'BuyCheapSellExpensiveAgent']",32,31,AgentMechanismInterface,False,False,True,17,0.0638253060169518,0.9,False,False,"(5, 32, 14)",,2,False,,"(5, 32, 14)",1ef6815f-93f1-4e3b-96e3-52bdec148773,0,"[('1ef6815f-93f1-4e3b-96e3-52bdec148773', (5, 32, 14))]"
148,failed,"['05Dec@2', '03Buy@1']","['DecentralizingAgent', 'BuyCheapSellExpensiveAgent']",33,32,AgentMechanismInterface,False,False,True,17,0.045283153012860566,0.9,False,False,"(6, 37, 15)",,2,False,,"(6, 37, 15)",3aa8a203-51a7-4406-b70e-9aa850608a86,0,"[('3aa8a203-51a7-4406-b70e-9aa850608a86', (6, 37, 15))]"
149,failed,"['04Ind@2', '03Buy@1']","['IndDecentralizingAgent', 'BuyCheapSellExpensiveAgent']",33,32,AgentMechanismInterface,False,False,True,17,0.06705232302192599,0.9,False,False,"(5, 37, 15)",,2,False,,"(5, 37, 15)",5784ad7f-dc90-4ac2-8f99-e36e32746b4e,0,"[('5784ad7f-dc90-4ac2-8f99-e36e32746b4e', (5, 37, 15))]"
150,failed,"['05Dec@2', '03Buy@1']","['DecentralizingAgent', 'BuyCheapSellExpensiveAgent']",34,33,AgentMechanismInterface,False,False,True,17,0.03565435402560979,0.9,False,False,"(4, 38, 15)",,2,False,,"(4, 38, 15)",7a3c8882-5df6-4db6-8ab1-e8436c919483,0,"[('7a3c8882-5df6-4db6-8ab1-e8436c919483', (4, 38, 15))]"
151,failed,"['04Ind@2', '03Buy@1']","['IndDecentralizingAgent', 'BuyCheapSellExpensiveAgent']",34,33,AgentMechanismInterface,False,False,True,17,0.05443157802801579,0.9,False,False,"(5, 38, 15)",,2,False,,"(5, 38, 15)",71789fec-66c6-4226-bc56-576addb67dc7,0,"[('71789fec-66c6-4226-bc56-576addb67dc7', (5, 38, 15))]"
152,failed,"['04Ind@2', '03Buy@1']","['IndDecentralizingAgent', 'BuyCheapSellExpensiveAgent']",35,34,AgentMechanismInterface,False,False,True,17,0.05146105500170961,0.9,False,False,"(4, 35, 14)",,2,False,,"(4, 35, 14)",eeec61c4-dbbc-4874-9e8d-d2a88ba0af6e,0,"[('eeec61c4-dbbc-4874-9e8d-d2a88ba0af6e', (4, 35, 14))]"
153,failed,"['05Dec@2', '03Buy@1']","['DecentralizingAgent', 'BuyCheapSellExpensiveAgent']",35,34,AgentMechanismInterface,False,False,True,17,0.037225999985821545,0.9,False,False,"(4, 39, 15)",,2,False,,"(4, 39, 15)",11b30d7d-160b-4585-8ff1-31c48ef9c3e4,0,"[('11b30d7d-160b-4585-8ff1-31c48ef9c3e4', (4, 39, 15))]"
154,failed,"['04Ind@2', '03Buy@1']","['IndDecentralizingAgent', 'BuyCheapSellExpensiveAgent']",36,35,AgentMechanismInterface,False,False,True,17,0.035577211005147547,0.9,False,False,"(4, 40, 15)",,2,False,,"(4, 40, 15)",f068e9a8-f36a-446f-a852-9662b6a57ee2,0,"[('f068e9a8-f36a-446f-a852-9662b6a57ee2', (4, 40, 15))]"
155,failed,"['05Dec@2', '03Buy@1']","['DecentralizingAgent', 'BuyCheapSellExpensiveAgent']",36,35,AgentMechanismInterface,False,False,True,17,0.052537218027282506,0.9,False,False,"(4, 40, 15)",,2,False,,"(4, 40, 15)",531ef5aa-138e-4d0f-9776-4e081e329220,0,"[('531ef5aa-138e-4d0f-9776-4e081e329220', (4, 40, 15))]"
156,failed,"['05Dec@2', '03Buy@1']","['DecentralizingAgent', 'BuyCheapSellExpensiveAgent']",37,36,AgentMechanismInterface,False,False,True,17,0.03650117904180661,0.9,False,False,"(4, 41, 15)",,2,False,,"(4, 41, 15)",d66b081e-bb11-437a-a82e-1ec48a157556,0,"[('d66b081e-bb11-437a-a82e-1ec48a157556', (4, 41, 15))]"
157,failed,"['04Ind@2', '03Buy@1']","['IndDecentralizingAgent', 'BuyCheapSellExpensiveAgent']",37,36,AgentMechanismInterface,False,False,True,17,0.05249229201581329,0.9,False,False,"(4, 41, 15)",,2,False,,"(4, 41, 15)",50ed1288-9cec-4f7d-8e28-922dccfa4fe9,0,"[('50ed1288-9cec-4f7d-8e28-922dccfa4fe9', (4, 41, 15))]"
158,failed,"['04Ind@2', '03Buy@1']","['IndDecentralizingAgent', 'BuyCheapSellExpensiveAgent']",38,37,AgentMechanismInterface,False,False,True,17,0.05517083598533645,0.9,False,False,"(5, 38, 14)",,2,False,,"(5, 38, 14)",545144f6-1fb5-4999-8e04-250971d15eb6,0,"[('545144f6-1fb5-4999-8e04-250971d15eb6', (5, 38, 14))]"
159,failed,"['05Dec@2', '03Buy@1']","['DecentralizingAgent', 'BuyCheapSellExpensiveAgent']",38,37,AgentMechanismInterface,False,False,True,17,0.037416601029690355,0.9,False,False,"(4, 42, 15)",,2,False,,"(4, 42, 15)",68118ea9-833b-47a7-a64b-25628fe32978,0,"[('68118ea9-833b-47a7-a64b-25628fe32978', (4, 42, 15))]"
160,failed,"['04Ind@2', '03Buy@1']","['IndDecentralizingAgent', 'BuyCheapSellExpensiveAgent']",39,38,AgentMechanismInterface,False,False,True,17,0.05667088000336662,0.9,False,False,"(5, 43, 15)",,2,False,,"(5, 43, 15)",9144b822-2014-488a-b2b4-5cc893da84e2,0,"[('9144b822-2014-488a-b2b4-5cc893da84e2', (5, 43, 15))]"
161,failed,"['05Dec@2', '03Buy@1']","['DecentralizingAgent', 'BuyCheapSellExpensiveAgent']",39,38,AgentMechanismInterface,False,False,True,17,0.039081156020984054,0.9,False,False,"(4, 39, 14)",,2,False,,"(4, 39, 14)",114ed3c5-0d64-45cd-95f6-673a9bf8609a,0,"[('114ed3c5-0d64-45cd-95f6-673a9bf8609a', (4, 39, 14))]"
162,failed,"['05Dec@2', '03Buy@1']","['DecentralizingAgent', 'BuyCheapSellExpensiveAgent']",40,39,AgentMechanismInterface,False,False,True,17,0.050010461010970175,0.9,False,False,"(4, 44, 15)",,2,False,,"(4, 44, 15)",5e0b9415-9787-4dba-b7e4-b0d822212c0c,0,"[('5e0b9415-9787-4dba-b7e4-b0d822212c0c', (4, 44, 15))]"
163,failed,"['04Ind@2', '03Buy@1']","['IndDecentralizingAgent', 'BuyCheapSellExpensiveAgent']",40,39,AgentMechanismInterface,False,False,True,17,0.03762596799060702,0.9,False,False,"(4, 40, 14)",,2,False,,"(4, 40, 14)",62daaa41-e55b-4b47-8c4b-1b9031edeeb4,0,"[('62daaa41-e55b-4b47-8c4b-1b9031edeeb4', (4, 40, 14))]"
164,failed,"['05Dec@2', '03Buy@1']","['DecentralizingAgent', 'BuyCheapSellExpensiveAgent']",41,40,AgentMechanismInterface,False,False,True,17,0.04019178496673703,0.9,False,False,"(5, 41, 14)",,2,False,,"(5, 41, 14)",b6da50b6-1be1-4a8c-9788-6601d70c18ea,0,"[('b6da50b6-1be1-4a8c-9788-6601d70c18ea', (5, 41, 14))]"
165,failed,"['04Ind@2', '03Buy@1']","['IndDecentralizingAgent', 'BuyCheapSellExpensiveAgent']",41,40,AgentMechanismInterface,False,False,True,17,0.07262231298955157,0.9,False,False,"(7, 45, 15)",,2,False,,"(7, 45, 15)",0fa71fcf-693c-4026-8f71-9ee5a84f4558,0,"[('0fa71fcf-693c-4026-8f71-9ee5a84f4558', (7, 45, 15))]"
166,failed,"['04Ind@2', '03Buy@1']","['IndDecentralizingAgent', 'BuyCheapSellExpensiveAgent']",42,41,AgentMechanismInterface,False,False,True,17,0.03845602000365034,0.9,False,False,"(5, 46, 15)",,2,False,,"(5, 46, 15)",6d57cfe5-ff22-4026-8f43-3b7a14845ae8,0,"[('6d57cfe5-ff22-4026-8f43-3b7a14845ae8', (5, 46, 15))]"
167,failed,"['05Dec@2', '03Buy@1']","['DecentralizingAgent', 'BuyCheapSellExpensiveAgent']",42,41,AgentMechanismInterface,False,False,True,17,0.060200514970347285,0.9,False,False,"(5, 46, 15)",,2,False,,"(5, 46, 15)",335ce5c1-69f6-4d58-bd80-31484c671c89,0,"[('335ce5c1-69f6-4d58-bd80-31484c671c89', (5, 46, 15))]"
168,failed,"['04Ind@2', '03Buy@1']","['IndDecentralizingAgent', 'BuyCheapSellExpensiveAgent']",43,42,AgentMechanismInterface,False,False,True,17,0.03891996300080791,0.9,False,False,"(5, 43, 14)",,2,False,,"(5, 43, 14)",99e991a8-31c6-44e9-9e4f-27664eb1fe20,0,"[('99e991a8-31c6-44e9-9e4f-27664eb1fe20', (5, 43, 14))]"
169,failed,"['05Dec@2', '03Buy@1']","['DecentralizingAgent', 'BuyCheapSellExpensiveAgent']",43,42,AgentMechanismInterface,False,False,True,17,0.06283058400731534,0.9,False,False,"(6, 43, 14)",,2,False,,"(6, 43, 14)",31cb1ec5-7790-43f1-8cd3-34545549d0f0,0,"[('31cb1ec5-7790-43f1-8cd3-34545549d0f0', (6, 43, 14))]"
170,failed,"['04Ind@2', '03Buy@1']","['IndDecentralizingAgent', 'BuyCheapSellExpensiveAgent']",44,43,AgentMechanismInterface,False,False,True,17,0.057037221966311336,0.9,False,False,"(8, 44, 14)",,2,False,,"(8, 44, 14)",20e126d7-6e6a-4bb3-a1a0-6c98bb49c9df,0,"[('20e126d7-6e6a-4bb3-a1a0-6c98bb49c9df', (8, 44, 14))]"
171,failed,"['05Dec@2', '03Buy@1']","['DecentralizingAgent', 'BuyCheapSellExpensiveAgent']",44,43,AgentMechanismInterface,False,False,True,17,0.08416728104930371,0.9,False,False,"(6, 44, 14)",,2,False,,"(6, 44, 14)",2dcb3cf5-1158-41f9-9c56-9d342861f02a,0,"[('2dcb3cf5-1158-41f9-9c56-9d342861f02a', (6, 44, 14))]"
172,failed,"['04Ind@2', '03Buy@1']","['IndDecentralizingAgent', 'BuyCheapSellExpensiveAgent']",45,44,AgentMechanismInterface,False,False,True,17,0.04503983398899436,0.9,False,False,"(6, 45, 14)",,2,False,,"(6, 45, 14)",78530883-b56a-4904-8eff-8b4912d893e0,0,"[('78530883-b56a-4904-8eff-8b4912d893e0', (6, 45, 14))]"
173,failed,"['05Dec@2', '03Buy@1']","['DecentralizingAgent', 'BuyCheapSellExpensiveAgent']",45,44,AgentMechanismInterface,False,False,True,17,0.07160411000950262,0.9,False,False,"(6, 49, 15)",,2,False,,"(6, 49, 15)",dc560359-4c83-41c2-a669-57ad5eaf0fea,0,"[('dc560359-4c83-41c2-a669-57ad5eaf0fea', (6, 49, 15))]"
174,failed,"['04Ind@2', '03Buy@1']","['IndDecentralizingAgent', 'BuyCheapSellExpensiveAgent']",46,45,AgentMechanismInterface,False,False,True,17,0.04513113101711497,0.9,False,False,"(6, 50, 15)",,2,False,,"(6, 50, 15)",43650e73-4dd8-4915-a26e-6fb4f48418ad,0,"[('43650e73-4dd8-4915-a26e-6fb4f48418ad', (6, 50, 15))]"
175,failed,"['05Dec@2', '03Buy@1']","['DecentralizingAgent', 'BuyCheapSellExpensiveAgent']",46,45,AgentMechanismInterface,False,False,True,17,0.07747153798118234,0.9,False,False,"(7, 46, 14)",,2,False,,"(7, 46, 14)",0d61cdc8-7193-40ee-afbf-af9f127a4770,0,"[('0d61cdc8-7193-40ee-afbf-af9f127a4770', (7, 46, 14))]"
176,failed,"['04Ind@2', '03Buy@1']","['IndDecentralizingAgent', 'BuyCheapSellExpensiveAgent']",47,46,AgentMechanismInterface,False,False,True,17,0.07881612097844481,0.9,False,False,"(6, 51, 15)",,2,False,,"(6, 51, 15)",68b782d0-d3d8-4c09-ab2f-a3f086fd60ab,0,"[('68b782d0-d3d8-4c09-ab2f-a3f086fd60ab', (6, 51, 15))]"
177,failed,"['05Dec@2', '03Buy@1']","['DecentralizingAgent', 'BuyCheapSellExpensiveAgent']",47,46,AgentMechanismInterface,False,False,True,17,0.05517803499242291,0.9,False,False,"(7, 51, 15)",,2,False,,"(7, 51, 15)",cfc0f012-fdc5-49f5-9929-715ea4564093,0,"[('cfc0f012-fdc5-49f5-9929-715ea4564093', (7, 51, 15))]"
178,failed,"['05Dec@2', '03Buy@1']","['DecentralizingAgent', 'BuyCheapSellExpensiveAgent']",48,47,AgentMechanismInterface,False,False,True,17,0.04680035199271515,0.9,False,False,"(6, 52, 15)",,2,False,,"(6, 52, 15)",9bebb0e3-2a20-44b9-9dfb-6e71c0c97ac0,0,"[('9bebb0e3-2a20-44b9-9dfb-6e71c0c97ac0', (6, 52, 15))]"
179,failed,"['04Ind@2', '03Buy@1']","['IndDecentralizingAgent', 'BuyCheapSellExpensiveAgent']",48,47,AgentMechanismInterface,False,False,True,17,0.07428364304360002,0.9,False,False,"(6, 52, 15)",,2,False,,"(6, 52, 15)",6541d54f-3253-49ee-afa4-cbb80a8648d8,0,"[('6541d54f-3253-49ee-afa4-cbb80a8648d8', (6, 52, 15))]"
180,failed,"['05Dec@2', '03Buy@1']","['DecentralizingAgent', 'BuyCheapSellExpensiveAgent']",49,48,AgentMechanismInterface,False,False,True,17,0.05604908301029354,0.9,False,False,"(8, 53, 15)",,2,False,,"(8, 53, 15)",bb6ee6bb-0ae0-411d-be7b-07b7068bec62,0,"[('bb6ee6bb-0ae0-411d-be7b-07b7068bec62', (8, 53, 15))]"
181,failed,"['04Ind@2', '03Buy@1']","['IndDecentralizingAgent', 'BuyCheapSellExpensiveAgent']",49,48,AgentMechanismInterface,False,False,True,17,0.08909625798696652,0.9,False,False,"(7, 49, 14)",,2,False,,"(7, 49, 14)",12e86818-8243-48cc-8fe8-0bec1d08ef82,0,"[('12e86818-8243-48cc-8fe8-0bec1d08ef82', (7, 49, 14))]"
182,failed,"['04Ind@2', '03Buy@1']","['IndDecentralizingAgent', 'BuyCheapSellExpensiveAgent']",50,49,AgentMechanismInterface,False,False,True,17,0.07317226997110993,0.9,False,False,"(6, 54, 15)",,2,False,,"(6, 54, 15)",d4407245-db13-473e-90a0-1bd8ea571c13,0,"[('d4407245-db13-473e-90a0-1bd8ea571c13', (6, 54, 15))]"
183,failed,"['05Dec@2', '03Buy@1']","['DecentralizingAgent', 'BuyCheapSellExpensiveAgent']",50,49,AgentMechanismInterface,False,False,True,17,0.04923525400226936,0.9,False,False,"(6, 54, 15)",,2,False,,"(6, 54, 15)",cd916bfc-2f01-4a58-b9f4-5dcf8ea29edc,0,"[('cd916bfc-2f01-4a58-b9f4-5dcf8ea29edc', (6, 54, 15))]"
184,failed,"['04Ind@2', '03Buy@1']","['IndDecentralizingAgent', 'BuyCheapSellExpensiveAgent']",51,50,AgentMechanismInterface,False,False,True,17,0.07032950903521851,0.9,False,False,"(6, 55, 15)",,2,False,,"(6, 55, 15)",c7fafa6b-85c1-4111-8a01-6cdbad89eb47,0,"[('c7fafa6b-85c1-4111-8a01-6cdbad89eb47', (6, 55, 15))]"
185,failed,"['05Dec@2', '03Buy@1']","['DecentralizingAgent', 'BuyCheapSellExpensiveAgent']",51,50,AgentMechanismInterface,False,False,True,17,0.04907441500108689,0.9,False,False,"(6, 51, 14)",,2,False,,"(6, 51, 14)",e1f3b636-00b6-4e11-921d-269c5f970c9b,0,"[('e1f3b636-00b6-4e11-921d-269c5f970c9b', (6, 51, 14))]"
186,failed,"['04Ind@2', '03Buy@1']","['IndDecentralizingAgent', 'BuyCheapSellExpensiveAgent']",52,51,AgentMechanismInterface,False,False,True,17,0.04517630900954828,0.9,False,False,"(6, 52, 14)",,2,False,,"(6, 52, 14)",ad971679-3c81-4183-8103-d515f639aeeb,0,"[('ad971679-3c81-4183-8103-d515f639aeeb', (6, 52, 14))]"
187,failed,"['05Dec@2', '03Buy@1']","['DecentralizingAgent', 'BuyCheapSellExpensiveAgent']",52,51,AgentMechanismInterface,False,False,True,17,0.06437419605208561,0.9,False,False,"(5, 56, 15)",,2,False,,"(5, 56, 15)",daf179fa-4259-4817-9aac-7c2e1ac25278,0,"[('daf179fa-4259-4817-9aac-7c2e1ac25278', (5, 56, 15))]"
188,failed,"['04Ind@2', '03Buy@1']","['IndDecentralizingAgent', 'BuyCheapSellExpensiveAgent']",53,52,AgentMechanismInterface,False,False,True,17,0.05803561001084745,0.9,False,False,"(4, 53, 14)",,2,False,,"(4, 53, 14)",eb18b537-6358-4414-a2f5-57e6691aba03,0,"[('eb18b537-6358-4414-a2f5-57e6691aba03', (4, 53, 14))]"
189,failed,"['05Dec@2', '03Buy@1']","['DecentralizingAgent', 'BuyCheapSellExpensiveAgent']",53,52,AgentMechanismInterface,False,False,True,17,0.0455824289820157,0.9,False,False,"(6, 53, 14)",,2,False,,"(6, 53, 14)",fae10805-a59e-4bee-8026-748421002e19,0,"[('fae10805-a59e-4bee-8026-748421002e19', (6, 53, 14))]"
